district_id,week_start,confirmed_cases,suspected_cases,deaths,tests_performed,test_positivity_rate,cases_lag1wk,cases_lag2wk,cases_lag4wk,cases_ma4wk,seasonal_trend_index
BNG,2024-01-01,14,16,0,37,37.8,,,,14.0,86.2
BNG,2024-01-08,23,32,0,71,32.4,14.0,,,18.5,75.4
BNG,2024-01-15,44,53,0,119,37.0,23.0,14.0,,27.0,89.1
BNG,2024-01-22,10,18,0,32,31.2,44.0,23.0,,22.75,78.9
BNG,2024-01-29,22,29,0,68,32.4,10.0,44.0,14.0,24.75,80.8
BNG,2024-02-05,46,59,1,125,36.8,22.0,10.0,23.0,30.5,83.5
BNG,2024-02-12,31,42,0,93,33.3,46.0,22.0,44.0,27.25,84.8
BNG,2024-02-19,24,27,1,63,38.1,31.0,46.0,10.0,30.75,92.8
BNG,2024-02-26,16,23,1,51,31.4,24.0,31.0,22.0,29.25,81.5
BNG,2024-03-04,15,20,1,41,36.6,16.0,24.0,46.0,21.5,83.4
BNG,2024-03-11,11,18,1,33,33.3,15.0,16.0,31.0,16.5,82.1
BNG,2024-03-18,5,6,0,14,35.7,11.0,15.0,24.0,11.75,82.9
BNG,2024-03-25,2,4,0,7,28.6,5.0,11.0,16.0,8.25,87.7
BNG,2024-04-01,2,3,0,8,25.0,2.0,5.0,15.0,5.0,21.9
BNG,2024-04-08,3,6,0,13,23.1,2.0,2.0,11.0,3.0,27.6
BNG,2024-04-15,0,0,0,1,0.0,3.0,2.0,5.0,1.75,30.7
BNG,2024-04-22,4,5,0,12,33.3,0.0,3.0,2.0,2.25,22.2
BNG,2024-04-29,4,8,0,14,28.6,4.0,0.0,2.0,2.75,27.2
BNG,2024-05-06,1,1,0,6,16.7,4.0,4.0,3.0,2.25,28.9
BNG,2024-05-13,6,9,0,15,40.0,1.0,4.0,0.0,3.75,26.1
BNG,2024-05-20,7,9,0,22,31.8,6.0,1.0,4.0,4.5,24.9
BNG,2024-05-27,2,2,0,6,33.3,7.0,6.0,4.0,4.0,30.3
BNG,2024-06-03,1,3,0,6,16.7,2.0,7.0,1.0,4.0,38.4
BNG,2024-06-10,4,5,0,10,40.0,1.0,2.0,6.0,3.5,35.7
BNG,2024-06-17,4,4,0,8,50.0,4.0,1.0,7.0,2.75,31.2
BNG,2024-06-24,3,4,0,7,42.9,4.0,4.0,2.0,3.0,32.8
BNG,2024-07-01,1,1,0,2,50.0,3.0,4.0,1.0,3.0,28.7
BNG,2024-07-08,1,2,0,3,33.3,1.0,3.0,4.0,2.25,30.4
BNG,2024-07-15,3,3,0,8,37.5,1.0,1.0,4.0,2.0,25.5
BNG,2024-07-22,4,5,0,13,30.8,3.0,1.0,3.0,2.25,26.8
BNG,2024-07-29,0,0,0,0,0.0,4.0,3.0,1.0,2.0,24.1
BNG,2024-08-05,2,3,0,5,40.0,0.0,4.0,1.0,2.25,27.5
BNG,2024-08-12,4,4,0,11,36.4,2.0,0.0,3.0,2.5,23.2
BNG,2024-08-19,5,7,0,14,35.7,4.0,2.0,4.0,2.75,32.3
BNG,2024-08-26,1,1,0,6,16.7,5.0,4.0,0.0,3.0,32.5
BNG,2024-09-02,3,4,0,8,37.5,1.0,5.0,2.0,3.25,20.5
BNG,2024-09-09,1,1,0,4,25.0,3.0,1.0,4.0,2.5,24.3
BNG,2024-09-16,2,2,0,6,33.3,1.0,3.0,5.0,1.75,27.5
BNG,2024-09-23,4,5,0,11,36.4,2.0,1.0,1.0,2.5,26.4
BNG,2024-09-30,0,0,0,0,0.0,4.0,2.0,3.0,1.75,25.1
BNG,2024-10-07,4,4,1,9,44.4,0.0,4.0,1.0,2.5,27.6
BNG,2024-10-14,0,2,0,4,0.0,4.0,0.0,2.0,2.0,26.6
BNG,2024-10-21,3,3,0,9,33.3,0.0,4.0,4.0,1.75,25.7
BNG,2024-10-28,2,5,0,8,25.0,3.0,0.0,0.0,2.25,19.7
BNG,2024-11-04,5,7,0,12,41.7,2.0,3.0,4.0,2.5,90.9
BNG,2024-11-11,3,6,0,10,30.0,5.0,2.0,0.0,3.25,82.7
BNG,2024-11-18,8,9,0,19,42.1,3.0,5.0,3.0,4.5,77.3
BNG,2024-11-25,2,4,0,9,22.2,8.0,3.0,2.0,4.5,91.4
BNG,2024-12-02,4,4,0,8,50.0,2.0,8.0,5.0,4.25,76.3
BNG,2024-12-09,9,11,0,24,37.5,4.0,2.0,3.0,5.75,92.2
BNG,2024-12-16,2,3,0,7,28.6,9.0,4.0,8.0,4.25,95.3
BNG,2024-12-23,2,3,0,6,33.3,2.0,9.0,2.0,4.25,83.4
BNG,2024-12-30,5,7,0,15,33.3,2.0,2.0,4.0,4.5,81.3
BNG,2025-01-06,8,12,0,25,32.0,5.0,2.0,9.0,4.25,87.9
BNG,2025-01-13,8,12,0,27,29.6,8.0,5.0,2.0,5.75,82.7
BNG,2025-01-20,10,14,0,36,27.8,8.0,8.0,2.0,7.75,81.9
BNG,2025-01-27,29,37,0,81,35.8,10.0,8.0,5.0,13.75,80.7
BNG,2025-02-03,29,39,0,91,31.9,29.0,10.0,8.0,19.0,83.1
BNG,2025-02-10,36,58,1,130,27.7,29.0,29.0,8.0,26.0,85.4
BNG,2025-02-17,35,44,0,95,36.8,36.0,29.0,10.0,32.25,84.2
BNG,2025-02-24,41,55,1,123,33.3,35.0,36.0,29.0,35.25,74.8
BNG,2025-03-03,33,49,1,101,32.7,41.0,35.0,29.0,36.25,80.0
BNG,2025-03-10,32,51,1,99,32.3,33.0,41.0,36.0,35.25,88.2
BNG,2025-03-17,35,42,0,90,38.9,32.0,33.0,35.0,35.25,96.4
BNG,2025-03-24,25,34,0,76,32.9,35.0,32.0,41.0,31.25,87.1
BNG,2025-03-31,20,30,1,65,30.8,25.0,35.0,33.0,28.0,94.4
BNG,2025-04-07,26,41,1,73,35.6,20.0,25.0,32.0,26.5,30.8
BNG,2025-04-14,24,30,1,64,37.5,26.0,20.0,35.0,23.75,14.9
BNG,2025-04-21,9,10,2,24,37.5,24.0,26.0,25.0,19.75,39.4
BNG,2025-04-28,5,5,0,12,41.7,9.0,24.0,20.0,16.0,26.8
BNG,2025-05-05,10,12,0,25,40.0,5.0,9.0,26.0,12.0,30.1
BNG,2025-05-12,5,6,0,19,26.3,10.0,5.0,24.0,7.25,20.9
BNG,2025-05-19,4,8,0,18,22.2,5.0,10.0,9.0,6.0,23.8
BNG,2025-05-26,8,9,0,22,36.4,4.0,5.0,5.0,6.75,28.5
BNG,2025-06-02,7,11,0,24,29.2,8.0,4.0,10.0,6.0,24.8
BNG,2025-06-09,7,11,0,19,36.8,7.0,8.0,5.0,6.5,27.5
BNG,2025-06-16,0,1,0,3,0.0,7.0,7.0,4.0,5.5,27.4
BNG,2025-06-23,3,6,0,10,30.0,0.0,7.0,8.0,4.25,24.8
BNG,2025-06-30,2,3,0,8,25.0,3.0,0.0,7.0,3.0,30.7
BNG,2025-07-07,1,1,0,4,25.0,2.0,3.0,7.0,1.5,28.8
BNG,2025-07-14,2,3,0,6,33.3,1.0,2.0,0.0,2.0,32.1
BNG,2025-07-21,3,4,0,7,42.9,2.0,1.0,3.0,2.0,26.1
BNG,2025-07-28,3,3,0,8,37.5,3.0,2.0,2.0,2.25,27.8
BNG,2025-08-04,1,2,0,8,12.5,3.0,3.0,1.0,2.25,30.9
BNG,2025-08-11,2,5,0,9,22.2,1.0,3.0,2.0,2.25,19.8
BNG,2025-08-18,1,1,0,2,50.0,2.0,1.0,3.0,1.75,21.9
BNG,2025-08-25,2,2,0,6,33.3,1.0,2.0,3.0,1.5,38.0
BNG,2025-09-01,2,4,0,7,28.6,2.0,1.0,1.0,1.75,23.2
BNG,2025-09-08,1,2,0,3,33.3,2.0,2.0,2.0,1.5,33.6
BNG,2025-09-15,1,2,0,3,33.3,1.0,2.0,1.0,1.5,23.6
BNG,2025-09-22,2,3,0,5,40.0,1.0,1.0,2.0,1.5,29.2
BNG,2025-09-29,1,1,0,3,33.3,2.0,1.0,2.0,1.25,31.9
BNG,2025-10-06,1,1,0,3,33.3,1.0,2.0,1.0,1.25,9.1
BNG,2025-10-13,3,4,0,12,25.0,1.0,1.0,1.0,1.75,22.1
BNG,2025-10-20,4,6,0,11,36.4,3.0,1.0,2.0,2.25,23.1
BNG,2025-10-27,3,3,0,9,33.3,4.0,3.0,1.0,2.75,29.0
BNG,2025-11-03,2,3,0,7,28.6,3.0,4.0,1.0,3.0,82.8
BNG,2025-11-10,2,3,0,6,33.3,2.0,3.0,3.0,2.75,86.0
BNG,2025-11-17,5,5,0,11,45.5,2.0,2.0,4.0,3.0,82.2
BNG,2025-11-24,7,7,0,18,38.9,5.0,2.0,3.0,4.0,94.4
BNG,2025-12-01,10,15,1,32,31.2,7.0,5.0,2.0,6.0,91.2
BNG,2025-12-08,12,15,0,33,36.4,10.0,7.0,2.0,8.5,87.5
BNG,2025-12-15,6,12,0,25,24.0,12.0,10.0,5.0,8.75,80.6
BNG,2025-12-22,11,13,0,31,35.5,6.0,12.0,7.0,9.75,85.2
BNG,2025-12-29,27,39,0,77,35.1,11.0,6.0,10.0,14.0,79.8
CHP,2024-01-01,9,10,0,19,47.4,,,,9.0,82.4
CHP,2024-01-08,6,7,0,18,33.3,9.0,,,7.5,76.8
CHP,2024-01-15,9,11,0,26,34.6,6.0,9.0,,8.0,82.1
CHP,2024-01-22,5,6,0,14,35.7,9.0,6.0,,7.25,74.5
CHP,2024-01-29,5,5,0,10,50.0,5.0,9.0,9.0,6.25,86.3
CHP,2024-02-05,8,8,0,19,42.1,5.0,5.0,6.0,6.75,84.1
CHP,2024-02-12,4,4,0,15,26.7,8.0,5.0,9.0,5.5,87.2
CHP,2024-02-19,6,8,0,22,27.3,4.0,8.0,5.0,5.75,90.5
CHP,2024-02-26,7,14,0,28,25.0,6.0,4.0,5.0,6.25,90.9
CHP,2024-03-04,1,4,0,8,12.5,7.0,6.0,8.0,4.5,93.2
CHP,2024-03-11,6,8,0,21,28.6,1.0,7.0,4.0,5.0,90.0
CHP,2024-03-18,0,2,0,3,0.0,6.0,1.0,6.0,3.5,84.1
CHP,2024-03-25,3,5,0,11,27.3,0.0,6.0,7.0,2.5,87.8
CHP,2024-04-01,3,5,0,11,27.3,3.0,0.0,1.0,3.0,23.6
CHP,2024-04-08,6,8,0,16,37.5,3.0,3.0,6.0,3.0,26.8
CHP,2024-04-15,4,6,0,13,30.8,6.0,3.0,0.0,4.0,26.7
CHP,2024-04-22,7,10,0,20,35.0,4.0,6.0,3.0,5.0,25.8
CHP,2024-04-29,3,5,0,10,30.0,7.0,4.0,3.0,5.0,27.7
CHP,2024-05-06,10,10,0,24,41.7,3.0,7.0,6.0,6.0,18.7
CHP,2024-05-13,4,7,0,15,26.7,10.0,3.0,4.0,6.0,22.8
CHP,2024-05-20,5,6,0,12,41.7,4.0,10.0,7.0,5.5,27.6
CHP,2024-05-27,4,8,0,14,28.6,5.0,4.0,3.0,5.75,31.1
CHP,2024-06-03,4,5,0,12,33.3,4.0,5.0,10.0,4.25,25.0
CHP,2024-06-10,3,5,0,9,33.3,4.0,4.0,4.0,4.0,23.5
CHP,2024-06-17,0,0,0,3,0.0,3.0,4.0,5.0,2.75,25.6
CHP,2024-06-24,2,2,0,5,40.0,0.0,3.0,4.0,2.25,21.7
CHP,2024-07-01,0,1,0,1,0.0,2.0,0.0,4.0,1.25,28.6
CHP,2024-07-08,1,3,0,4,25.0,0.0,2.0,3.0,0.75,23.4
CHP,2024-07-15,1,4,0,7,14.3,1.0,0.0,0.0,1.0,25.0
CHP,2024-07-22,3,4,0,10,30.0,1.0,1.0,2.0,1.25,24.5
CHP,2024-07-29,2,3,0,5,40.0,3.0,1.0,0.0,1.75,26.4
CHP,2024-08-05,4,5,0,10,40.0,2.0,3.0,1.0,2.5,24.3
CHP,2024-08-12,3,5,0,11,27.3,4.0,2.0,1.0,3.0,22.1
CHP,2024-08-19,2,4,0,10,20.0,3.0,4.0,3.0,2.75,28.8
CHP,2024-08-26,2,2,0,5,40.0,2.0,3.0,2.0,2.75,23.1
CHP,2024-09-02,0,2,0,3,0.0,2.0,2.0,4.0,1.75,29.9
CHP,2024-09-09,1,1,0,4,25.0,0.0,2.0,3.0,1.25,32.3
CHP,2024-09-16,0,1,0,3,0.0,1.0,0.0,2.0,0.75,24.9
CHP,2024-09-23,4,6,0,14,28.6,0.0,1.0,2.0,1.25,25.2
CHP,2024-09-30,1,2,0,4,25.0,4.0,0.0,0.0,1.5,29.4
CHP,2024-10-07,1,1,0,4,25.0,1.0,4.0,1.0,1.5,27.2
CHP,2024-10-14,6,9,0,18,33.3,1.0,1.0,0.0,3.0,28.5
CHP,2024-10-21,5,6,0,12,41.7,6.0,1.0,4.0,3.25,23.2
CHP,2024-10-28,3,4,1,8,37.5,5.0,6.0,1.0,3.75,25.5
CHP,2024-11-04,4,4,0,10,40.0,3.0,5.0,1.0,4.5,80.7
CHP,2024-11-11,1,2,0,5,20.0,4.0,3.0,6.0,3.25,88.6
CHP,2024-11-18,6,7,0,13,46.2,1.0,4.0,5.0,3.5,83.1
CHP,2024-11-25,2,4,0,6,33.3,6.0,1.0,3.0,3.25,94.3
CHP,2024-12-02,6,6,0,17,35.3,2.0,6.0,4.0,3.75,94.4
CHP,2024-12-09,3,9,0,15,20.0,6.0,2.0,1.0,4.25,94.4
CHP,2024-12-16,3,3,0,11,27.3,3.0,6.0,6.0,3.5,92.7
CHP,2024-12-23,7,11,0,20,35.0,3.0,3.0,2.0,4.75,86.8
CHP,2024-12-30,1,2,0,6,16.7,7.0,3.0,6.0,3.5,85.6
CHP,2025-01-06,4,4,0,11,36.4,1.0,7.0,3.0,3.75,86.2
CHP,2025-01-13,4,8,0,17,23.5,4.0,1.0,3.0,4.0,85.4
CHP,2025-01-20,6,7,0,16,37.5,4.0,4.0,7.0,3.75,87.2
CHP,2025-01-27,8,10,0,22,36.4,6.0,4.0,1.0,5.5,89.5
CHP,2025-02-03,9,12,0,31,29.0,8.0,6.0,4.0,6.75,89.6
CHP,2025-02-10,15,24,0,46,32.6,9.0,8.0,4.0,9.5,81.7
CHP,2025-02-17,15,26,0,46,32.6,15.0,9.0,6.0,11.75,86.7
CHP,2025-02-24,18,26,0,50,36.0,15.0,15.0,8.0,14.25,83.5
CHP,2025-03-03,18,26,0,53,34.0,18.0,15.0,9.0,16.5,90.1
CHP,2025-03-10,22,30,1,60,36.7,18.0,18.0,15.0,18.25,78.4
CHP,2025-03-17,9,13,0,31,29.0,22.0,18.0,15.0,16.75,84.9
CHP,2025-03-24,11,12,0,29,37.9,9.0,22.0,18.0,15.0,83.5
CHP,2025-03-31,13,20,0,44,29.5,11.0,9.0,18.0,13.75,83.7
CHP,2025-04-07,10,13,0,28,35.7,13.0,11.0,22.0,10.75,14.5
CHP,2025-04-14,2,3,0,11,18.2,10.0,13.0,9.0,9.0,24.9
CHP,2025-04-21,8,12,0,23,34.8,2.0,10.0,11.0,8.25,22.5
CHP,2025-04-28,2,4,0,9,22.2,8.0,2.0,13.0,5.5,25.8
CHP,2025-05-05,7,12,0,22,31.8,2.0,8.0,10.0,4.75,26.9
CHP,2025-05-12,4,4,0,13,30.8,7.0,2.0,2.0,5.25,20.5
CHP,2025-05-19,8,10,0,21,38.1,4.0,7.0,8.0,5.25,31.1
CHP,2025-05-26,3,3,0,9,33.3,8.0,4.0,2.0,5.5,32.1
CHP,2025-06-02,6,7,0,16,37.5,3.0,8.0,7.0,5.25,20.6
CHP,2025-06-09,2,4,0,9,22.2,6.0,3.0,4.0,4.75,32.4
CHP,2025-06-16,4,4,0,9,44.4,2.0,6.0,8.0,3.75,28.3
CHP,2025-06-23,4,4,0,8,50.0,4.0,2.0,3.0,4.0,20.2
CHP,2025-06-30,3,3,0,8,37.5,4.0,4.0,6.0,3.25,22.2
CHP,2025-07-07,5,5,0,10,50.0,3.0,4.0,2.0,4.0,18.9
CHP,2025-07-14,5,6,0,12,41.7,5.0,3.0,4.0,4.25,27.7
CHP,2025-07-21,2,4,0,7,28.6,5.0,5.0,4.0,3.75,29.7
CHP,2025-07-28,3,5,0,12,25.0,2.0,5.0,3.0,3.75,22.9
CHP,2025-08-04,4,6,0,12,33.3,3.0,2.0,5.0,3.5,32.1
CHP,2025-08-11,2,2,0,5,40.0,4.0,3.0,5.0,2.75,31.2
CHP,2025-08-18,1,4,0,5,20.0,2.0,4.0,2.0,2.5,29.1
CHP,2025-08-25,2,5,0,7,28.6,1.0,2.0,3.0,2.25,30.1
CHP,2025-09-01,0,1,0,1,0.0,2.0,1.0,4.0,1.25,22.5
CHP,2025-09-08,2,4,0,6,33.3,0.0,2.0,2.0,1.25,25.0
CHP,2025-09-15,2,2,0,5,40.0,2.0,0.0,1.0,1.5,30.9
CHP,2025-09-22,3,4,0,10,30.0,2.0,2.0,2.0,1.75,23.4
CHP,2025-09-29,0,2,0,4,0.0,3.0,2.0,0.0,1.75,21.0
CHP,2025-10-06,5,6,0,12,41.7,0.0,3.0,2.0,2.5,30.4
CHP,2025-10-13,1,2,0,3,33.3,5.0,0.0,2.0,2.25,24.9
CHP,2025-10-20,1,1,0,4,25.0,1.0,5.0,3.0,1.75,27.3
CHP,2025-10-27,2,4,0,9,22.2,1.0,1.0,0.0,2.25,14.3
CHP,2025-11-03,2,2,0,10,20.0,2.0,1.0,5.0,1.5,84.3
CHP,2025-11-10,2,4,0,8,25.0,2.0,2.0,1.0,1.75,82.5
CHP,2025-11-17,5,7,0,14,35.7,2.0,2.0,1.0,2.75,84.3
CHP,2025-11-24,6,8,0,14,42.9,5.0,2.0,2.0,3.75,76.3
CHP,2025-12-01,3,3,0,8,37.5,6.0,5.0,2.0,4.0,85.6
CHP,2025-12-08,5,9,0,16,31.2,3.0,6.0,2.0,4.75,83.8
CHP,2025-12-15,6,6,0,17,35.3,5.0,3.0,5.0,5.0,86.0
CHP,2025-12-22,14,16,1,35,40.0,6.0,5.0,6.0,7.0,85.1
CHP,2025-12-29,19,22,0,49,38.8,14.0,6.0,3.0,11.0,86.2
CHR,2024-01-01,16,20,1,39,41.0,,,,16.0,77.0
CHR,2024-01-08,7,7,0,16,43.8,16.0,,,11.5,85.9
CHR,2024-01-15,29,43,2,103,28.2,7.0,16.0,,17.33,81.8
CHR,2024-01-22,11,15,0,29,37.9,29.0,7.0,,15.75,87.4
CHR,2024-01-29,7,8,0,18,38.9,11.0,29.0,16.0,13.5,78.3
CHR,2024-02-05,46,58,0,120,38.3,7.0,11.0,7.0,23.25,77.0
CHR,2024-02-12,28,33,0,73,38.4,46.0,7.0,29.0,23.0,86.1
CHR,2024-02-19,24,38,0,74,32.4,28.0,46.0,11.0,26.25,84.1
CHR,2024-02-26,13,26,0,43,30.2,24.0,28.0,7.0,27.75,81.6
CHR,2024-03-04,35,38,1,82,42.7,13.0,24.0,46.0,25.0,85.2
CHR,2024-03-11,26,39,0,78,33.3,35.0,13.0,28.0,24.5,87.1
CHR,2024-03-18,5,7,0,21,23.8,26.0,35.0,24.0,19.75,92.0
CHR,2024-03-25,9,12,0,24,37.5,5.0,26.0,13.0,18.75,84.7
CHR,2024-04-01,6,9,0,17,35.3,9.0,5.0,35.0,11.5,28.8
CHR,2024-04-08,4,6,0,13,30.8,6.0,9.0,26.0,6.0,26.8
CHR,2024-04-15,7,10,0,18,38.9,4.0,6.0,5.0,6.5,23.3
CHR,2024-04-22,9,11,0,24,37.5,7.0,4.0,9.0,6.5,23.3
CHR,2024-04-29,9,10,0,25,36.0,9.0,7.0,6.0,7.25,35.0
CHR,2024-05-06,11,18,0,31,35.5,9.0,9.0,4.0,9.0,26.0
CHR,2024-05-13,5,6,0,17,29.4,11.0,9.0,7.0,8.5,29.0
CHR,2024-05-20,6,7,0,15,40.0,5.0,11.0,9.0,7.75,26.2
CHR,2024-05-27,9,10,0,22,40.9,6.0,5.0,9.0,7.75,22.9
CHR,2024-06-03,4,7,0,12,33.3,9.0,6.0,11.0,6.0,18.4
CHR,2024-06-10,2,3,0,6,33.3,4.0,9.0,5.0,5.25,16.3
CHR,2024-06-17,1,3,0,6,16.7,2.0,4.0,6.0,4.0,25.1
CHR,2024-06-24,0,0,0,4,0.0,1.0,2.0,9.0,1.75,25.1
CHR,2024-07-01,2,3,0,6,33.3,0.0,1.0,4.0,1.25,23.2
CHR,2024-07-08,4,6,0,12,33.3,2.0,0.0,2.0,1.75,31.5
CHR,2024-07-15,7,8,0,16,43.8,4.0,2.0,1.0,3.25,31.4
CHR,2024-07-22,2,2,0,4,50.0,7.0,4.0,0.0,3.75,31.1
CHR,2024-07-29,2,2,0,6,33.3,2.0,7.0,2.0,3.75,19.6
CHR,2024-08-05,4,5,0,11,36.4,2.0,2.0,4.0,3.75,23.7
CHR,2024-08-12,4,5,0,10,40.0,4.0,2.0,7.0,3.0,24.1
CHR,2024-08-19,3,3,0,7,42.9,4.0,4.0,2.0,3.25,20.1
CHR,2024-08-26,3,3,0,9,33.3,3.0,4.0,2.0,3.5,16.1
CHR,2024-09-02,2,4,0,6,33.3,3.0,3.0,4.0,3.0,25.6
CHR,2024-09-09,3,4,0,9,33.3,2.0,3.0,4.0,2.75,25.5
CHR,2024-09-16,4,4,0,9,44.4,3.0,2.0,3.0,3.0,23.2
CHR,2024-09-23,3,4,0,7,42.9,4.0,3.0,3.0,3.0,25.5
CHR,2024-09-30,3,5,0,11,27.3,3.0,4.0,2.0,3.25,26.5
CHR,2024-10-07,3,8,0,14,21.4,3.0,3.0,3.0,3.25,21.6
CHR,2024-10-14,2,2,0,7,28.6,3.0,3.0,4.0,2.75,31.2
CHR,2024-10-21,6,8,0,15,40.0,2.0,3.0,3.0,3.5,21.4
CHR,2024-10-28,6,6,0,14,42.9,6.0,2.0,3.0,4.25,30.0
CHR,2024-11-04,1,2,0,4,25.0,6.0,6.0,3.0,3.75,88.4
CHR,2024-11-11,6,7,2,13,46.2,1.0,6.0,2.0,4.75,83.5
CHR,2024-11-18,5,5,0,11,45.5,6.0,1.0,6.0,4.5,91.1
CHR,2024-11-25,4,7,1,17,23.5,5.0,6.0,6.0,4.0,82.0
CHR,2024-12-02,10,16,0,31,32.3,4.0,5.0,1.0,6.25,90.6
CHR,2024-12-09,7,10,0,26,26.9,10.0,4.0,6.0,6.5,90.4
CHR,2024-12-16,6,7,0,21,28.6,7.0,10.0,5.0,6.75,86.4
CHR,2024-12-23,9,10,0,22,40.9,6.0,7.0,4.0,8.0,85.4
CHR,2024-12-30,9,10,0,22,40.9,9.0,6.0,10.0,7.75,83.1
CHR,2025-01-06,5,7,0,16,31.2,9.0,9.0,7.0,7.25,86.7
CHR,2025-01-13,6,9,0,27,22.2,5.0,9.0,6.0,7.25,84.7
CHR,2025-01-20,12,18,0,38,31.6,6.0,5.0,9.0,8.0,93.5
CHR,2025-01-27,16,20,0,45,35.6,12.0,6.0,9.0,9.75,87.0
CHR,2025-02-03,15,20,0,51,29.4,16.0,12.0,5.0,12.25,87.3
CHR,2025-02-10,27,33,1,70,38.6,15.0,16.0,6.0,17.5,73.8
CHR,2025-02-17,27,36,0,75,36.0,27.0,15.0,12.0,21.25,74.4
CHR,2025-02-24,27,31,0,74,36.5,27.0,27.0,16.0,24.0,77.2
CHR,2025-03-03,20,29,0,64,31.2,27.0,27.0,15.0,25.25,83.5
CHR,2025-03-10,33,48,1,101,32.7,20.0,27.0,27.0,26.75,81.8
CHR,2025-03-17,26,34,0,73,35.6,33.0,20.0,27.0,26.5,84.2
CHR,2025-03-24,20,31,0,63,31.7,26.0,33.0,27.0,24.75,80.9
CHR,2025-03-31,21,37,0,67,31.3,20.0,26.0,20.0,25.0,78.7
CHR,2025-04-07,21,31,0,62,33.9,21.0,20.0,33.0,22.0,31.2
CHR,2025-04-14,11,14,0,33,33.3,21.0,21.0,26.0,18.25,25.3
CHR,2025-04-21,13,13,1,31,41.9,11.0,21.0,20.0,16.5,34.1
CHR,2025-04-28,4,9,0,16,25.0,13.0,11.0,21.0,12.25,29.5
CHR,2025-05-05,10,13,0,27,37.0,4.0,13.0,21.0,9.5,28.9
CHR,2025-05-12,4,7,0,13,30.8,10.0,4.0,11.0,7.75,28.8
CHR,2025-05-19,5,8,0,17,29.4,4.0,10.0,13.0,5.75,19.6
CHR,2025-05-26,4,4,0,10,40.0,5.0,4.0,4.0,5.75,23.0
CHR,2025-06-02,2,4,0,9,22.2,4.0,5.0,10.0,3.75,33.4
CHR,2025-06-09,7,10,0,19,36.8,2.0,4.0,4.0,4.5,33.6
CHR,2025-06-16,3,3,0,6,50.0,7.0,2.0,5.0,4.0,26.0
CHR,2025-06-23,5,6,0,12,41.7,3.0,7.0,4.0,4.25,28.6
CHR,2025-06-30,2,3,0,6,33.3,5.0,3.0,2.0,4.25,15.3
CHR,2025-07-07,1,2,0,4,25.0,2.0,5.0,7.0,2.75,32.8
CHR,2025-07-14,1,3,0,4,25.0,1.0,2.0,3.0,2.25,24.6
CHR,2025-07-21,3,3,0,7,42.9,1.0,1.0,5.0,1.75,24.0
CHR,2025-07-28,1,2,0,3,33.3,3.0,1.0,2.0,1.5,28.2
CHR,2025-08-04,3,4,0,8,37.5,1.0,3.0,1.0,2.0,26.1
CHR,2025-08-11,3,5,0,9,33.3,3.0,1.0,1.0,2.5,12.0
CHR,2025-08-18,2,2,0,7,28.6,3.0,3.0,3.0,2.25,24.6
CHR,2025-08-25,2,3,0,5,40.0,2.0,3.0,1.0,2.5,21.8
CHR,2025-09-01,4,4,0,9,44.4,2.0,2.0,3.0,2.75,29.5
CHR,2025-09-08,4,5,0,10,40.0,4.0,2.0,3.0,3.0,29.5
CHR,2025-09-15,3,4,0,8,37.5,4.0,4.0,2.0,3.25,32.1
CHR,2025-09-22,4,6,0,11,36.4,3.0,4.0,2.0,3.75,29.8
CHR,2025-09-29,2,2,0,7,28.6,4.0,3.0,4.0,3.25,22.9
CHR,2025-10-06,4,4,0,9,44.4,2.0,4.0,4.0,3.25,29.6
CHR,2025-10-13,2,2,0,6,33.3,4.0,2.0,3.0,3.0,19.9
CHR,2025-10-20,3,4,0,7,42.9,2.0,4.0,4.0,2.75,26.9
CHR,2025-10-27,2,2,0,6,33.3,3.0,2.0,2.0,2.75,25.1
CHR,2025-11-03,3,3,0,8,37.5,2.0,3.0,4.0,2.5,87.2
CHR,2025-11-10,5,7,0,12,41.7,3.0,2.0,2.0,3.25,81.3
CHR,2025-11-17,4,5,0,11,36.4,5.0,3.0,3.0,3.5,86.2
CHR,2025-11-24,5,7,0,12,41.7,4.0,5.0,2.0,4.25,88.2
CHR,2025-12-01,9,10,0,22,40.9,5.0,4.0,3.0,5.75,91.4
CHR,2025-12-08,9,13,0,32,28.1,9.0,5.0,5.0,6.75,86.7
CHR,2025-12-15,12,17,0,34,35.3,9.0,9.0,4.0,8.75,77.3
CHR,2025-12-22,17,21,0,51,33.3,12.0,9.0,5.0,11.75,86.3
CHR,2025-12-29,17,24,0,50,34.0,17.0,12.0,9.0,13.75,80.4
GRV,2024-01-01,15,19,0,44,34.1,,,,15.0,83.8
GRV,2024-01-08,10,15,0,33,30.3,15.0,,,12.5,94.9
GRV,2024-01-15,21,29,0,57,36.8,10.0,15.0,,15.33,78.1
GRV,2024-01-22,10,16,0,31,32.3,21.0,10.0,,14.0,82.2
GRV,2024-01-29,15,18,0,49,30.6,10.0,21.0,15.0,14.0,84.3
GRV,2024-02-05,21,26,0,54,38.9,15.0,10.0,10.0,16.75,86.4
GRV,2024-02-12,14,18,0,39,35.9,21.0,15.0,21.0,15.0,72.5
GRV,2024-02-19,13,17,0,34,38.2,14.0,21.0,10.0,15.75,89.9
GRV,2024-02-26,5,10,0,21,23.8,13.0,14.0,15.0,13.25,74.5
GRV,2024-03-04,8,12,0,28,28.6,5.0,13.0,21.0,10.0,93.6
GRV,2024-03-11,7,10,1,20,35.0,8.0,5.0,14.0,8.25,76.3
GRV,2024-03-18,6,7,0,15,40.0,7.0,8.0,13.0,6.5,95.5
GRV,2024-03-25,2,4,0,8,25.0,6.0,7.0,5.0,5.75,93.0
GRV,2024-04-01,4,6,0,11,36.4,2.0,6.0,8.0,4.75,31.5
GRV,2024-04-08,1,2,0,4,25.0,4.0,2.0,7.0,3.25,22.0
GRV,2024-04-15,4,4,0,13,30.8,1.0,4.0,6.0,2.75,27.2
GRV,2024-04-22,2,3,0,8,25.0,4.0,1.0,2.0,2.75,30.6
GRV,2024-04-29,3,4,0,8,37.5,2.0,4.0,4.0,2.5,31.8
GRV,2024-05-06,2,5,0,13,15.4,3.0,2.0,1.0,2.75,29.5
GRV,2024-05-13,3,6,0,12,25.0,2.0,3.0,4.0,2.5,26.7
GRV,2024-05-20,7,10,0,19,36.8,3.0,2.0,2.0,3.75,27.1
GRV,2024-05-27,3,3,0,12,25.0,7.0,3.0,3.0,3.75,19.0
GRV,2024-06-03,1,1,0,3,33.3,3.0,7.0,2.0,3.5,20.7
GRV,2024-06-10,5,8,0,15,33.3,1.0,3.0,3.0,4.0,31.4
GRV,2024-06-17,1,2,0,7,14.3,5.0,1.0,7.0,2.5,23.4
GRV,2024-06-24,1,3,0,5,20.0,1.0,5.0,3.0,2.0,25.5
GRV,2024-07-01,2,4,0,8,25.0,1.0,1.0,1.0,2.25,35.5
GRV,2024-07-08,3,5,0,10,30.0,2.0,1.0,5.0,1.75,31.2
GRV,2024-07-15,0,2,0,2,0.0,3.0,2.0,1.0,1.5,25.4
GRV,2024-07-22,2,3,0,5,40.0,0.0,3.0,1.0,1.75,28.6
GRV,2024-07-29,2,3,0,7,28.6,2.0,0.0,2.0,1.75,26.7
GRV,2024-08-05,2,3,0,6,33.3,2.0,2.0,3.0,1.5,29.1
GRV,2024-08-12,2,2,0,6,33.3,2.0,2.0,0.0,2.0,24.1
GRV,2024-08-19,4,4,0,9,44.4,2.0,2.0,2.0,2.5,22.9
GRV,2024-08-26,0,0,0,2,0.0,4.0,2.0,2.0,2.0,29.1
GRV,2024-09-02,0,1,0,2,0.0,0.0,4.0,2.0,1.5,23.6
GRV,2024-09-09,0,1,0,1,0.0,0.0,0.0,2.0,1.0,28.1
GRV,2024-09-16,1,1,0,3,33.3,0.0,0.0,4.0,0.25,27.0
GRV,2024-09-23,2,3,0,9,22.2,1.0,0.0,0.0,0.75,36.7
GRV,2024-09-30,2,3,0,5,40.0,2.0,1.0,0.0,1.25,29.8
GRV,2024-10-07,2,2,0,4,50.0,2.0,2.0,0.0,1.75,23.7
GRV,2024-10-14,0,0,0,1,0.0,2.0,2.0,1.0,1.5,17.3
GRV,2024-10-21,4,5,0,10,40.0,0.0,2.0,2.0,2.0,20.4
GRV,2024-10-28,1,1,0,3,33.3,4.0,0.0,2.0,1.75,27.4
GRV,2024-11-04,2,3,0,6,33.3,1.0,4.0,2.0,1.75,91.5
GRV,2024-11-11,6,7,0,15,40.0,2.0,1.0,0.0,3.25,82.4
GRV,2024-11-18,4,5,0,11,36.4,6.0,2.0,4.0,3.25,80.5
GRV,2024-11-25,3,3,0,8,37.5,4.0,6.0,1.0,3.75,91.6
GRV,2024-12-02,3,8,0,13,23.1,3.0,4.0,2.0,4.0,82.2
GRV,2024-12-09,4,5,0,13,30.8,3.0,3.0,6.0,3.5,84.3
GRV,2024-12-16,4,5,0,11,36.4,4.0,3.0,4.0,3.5,77.8
GRV,2024-12-23,2,2,0,5,40.0,4.0,4.0,3.0,3.25,85.0
GRV,2024-12-30,3,5,0,12,25.0,2.0,4.0,3.0,3.25,83.9
GRV,2025-01-06,9,10,1,23,39.1,3.0,2.0,4.0,4.5,82.1
GRV,2025-01-13,8,14,0,22,36.4,9.0,3.0,4.0,5.5,70.5
GRV,2025-01-20,9,15,0,30,30.0,8.0,9.0,2.0,7.25,89.8
GRV,2025-01-27,10,12,0,29,34.5,9.0,8.0,3.0,9.0,87.3
GRV,2025-02-03,14,19,0,36,38.9,10.0,9.0,9.0,10.25,81.3
GRV,2025-02-10,22,25,0,59,37.3,14.0,10.0,8.0,13.75,94.5
GRV,2025-02-17,20,27,0,57,35.1,22.0,14.0,9.0,16.5,87.2
GRV,2025-02-24,25,31,0,67,37.3,20.0,22.0,10.0,20.25,76.5
GRV,2025-03-03,17,21,0,46,37.0,25.0,20.0,14.0,21.0,84.6
GRV,2025-03-10,22,27,0,58,37.9,17.0,25.0,22.0,21.0,82.1
GRV,2025-03-17,12,25,0,49,24.5,22.0,17.0,20.0,19.0,89.7
GRV,2025-03-24,15,16,1,41,36.6,12.0,22.0,25.0,16.5,82.9
GRV,2025-03-31,13,19,0,37,35.1,15.0,12.0,17.0,15.5,83.1
GRV,2025-04-07,11,12,1,31,35.5,13.0,15.0,22.0,12.75,25.0
GRV,2025-04-14,12,18,1,35,34.3,11.0,13.0,12.0,12.75,33.3
GRV,2025-04-21,10,13,0,25,40.0,12.0,11.0,15.0,11.5,30.9
GRV,2025-04-28,2,4,0,10,20.0,10.0,12.0,13.0,8.75,25.1
GRV,2025-05-05,10,13,0,25,40.0,2.0,10.0,11.0,8.5,27.0
GRV,2025-05-12,5,7,0,15,33.3,10.0,2.0,12.0,6.75,31.4
GRV,2025-05-19,3,6,0,11,27.3,5.0,10.0,10.0,5.0,22.9
GRV,2025-05-26,2,4,0,6,33.3,3.0,5.0,2.0,5.0,24.1
GRV,2025-06-02,3,4,0,11,27.3,2.0,3.0,10.0,3.25,28.3
GRV,2025-06-09,7,9,0,18,38.9,3.0,2.0,5.0,3.75,22.5
GRV,2025-06-16,1,2,0,4,25.0,7.0,3.0,3.0,3.25,27.2
GRV,2025-06-23,5,7,1,12,41.7,1.0,7.0,2.0,4.0,24.9
GRV,2025-06-30,1,4,0,6,16.7,5.0,1.0,3.0,3.5,26.6
GRV,2025-07-07,3,4,1,9,33.3,1.0,5.0,7.0,2.5,18.6
GRV,2025-07-14,1,1,0,3,33.3,3.0,1.0,1.0,2.5,33.3
GRV,2025-07-21,3,4,0,7,42.9,1.0,3.0,5.0,2.0,27.3
GRV,2025-07-28,4,6,0,11,36.4,3.0,1.0,1.0,2.75,37.5
GRV,2025-08-04,3,5,0,11,27.3,4.0,3.0,3.0,2.75,36.3
GRV,2025-08-11,2,2,0,5,40.0,3.0,4.0,1.0,3.0,27.9
GRV,2025-08-18,2,2,0,6,33.3,2.0,3.0,3.0,2.75,32.3
GRV,2025-08-25,1,2,0,5,20.0,2.0,2.0,4.0,2.0,31.4
GRV,2025-09-01,0,1,0,1,0.0,1.0,2.0,3.0,1.25,32.5
GRV,2025-09-08,1,1,0,2,50.0,0.0,1.0,2.0,1.0,18.9
GRV,2025-09-15,2,2,0,7,28.6,1.0,0.0,2.0,1.0,25.5
GRV,2025-09-22,1,4,0,6,16.7,2.0,1.0,1.0,1.0,24.2
GRV,2025-09-29,1,1,0,3,33.3,1.0,2.0,0.0,1.25,31.2
GRV,2025-10-06,1,4,0,8,12.5,1.0,1.0,1.0,1.25,23.6
GRV,2025-10-13,2,2,0,6,33.3,1.0,1.0,2.0,1.25,23.2
GRV,2025-10-20,2,2,0,5,40.0,2.0,1.0,1.0,1.5,26.6
GRV,2025-10-27,1,4,0,8,12.5,2.0,2.0,1.0,1.5,27.9
GRV,2025-11-03,3,4,0,8,37.5,1.0,2.0,1.0,2.0,91.0
GRV,2025-11-10,3,3,0,6,50.0,3.0,1.0,2.0,2.25,73.1
GRV,2025-11-17,1,4,0,5,20.0,3.0,3.0,2.0,2.0,95.2
GRV,2025-11-24,2,4,0,8,25.0,1.0,3.0,1.0,2.25,89.2
GRV,2025-12-01,5,10,0,18,27.8,2.0,1.0,3.0,2.75,78.2
GRV,2025-12-08,8,12,0,23,34.8,5.0,2.0,3.0,4.0,91.8
GRV,2025-12-15,6,11,0,24,25.0,8.0,5.0,1.0,5.25,79.6
GRV,2025-12-22,10,14,0,27,37.0,6.0,8.0,2.0,7.25,91.3
GRV,2025-12-29,10,12,0,30,33.3,10.0,6.0,5.0,8.5,86.4
HRG,2024-01-01,11,17,0,32,34.4,,,,11.0,87.1
HRG,2024-01-08,9,14,0,32,28.1,11.0,,,10.0,82.1
HRG,2024-01-15,16,25,0,50,32.0,9.0,11.0,,12.0,82.9
HRG,2024-01-22,7,13,0,31,22.6,16.0,9.0,,10.75,86.7
HRG,2024-01-29,19,26,0,54,35.2,7.0,16.0,11.0,12.75,92.2
HRG,2024-02-05,19,25,1,55,34.5,19.0,7.0,9.0,15.25,77.9
HRG,2024-02-12,26,32,0,67,38.8,19.0,19.0,16.0,17.75,83.7
HRG,2024-02-19,15,19,0,45,33.3,26.0,19.0,7.0,19.75,81.7
HRG,2024-02-26,14,22,0,40,35.0,15.0,26.0,19.0,18.5,85.3
HRG,2024-03-04,12,13,0,29,41.4,14.0,15.0,19.0,16.75,74.9
HRG,2024-03-11,13,18,0,39,33.3,12.0,14.0,26.0,13.5,74.9
HRG,2024-03-18,8,10,0,22,36.4,13.0,12.0,15.0,11.75,70.8
HRG,2024-03-25,5,9,0,17,29.4,8.0,13.0,14.0,9.5,87.4
HRG,2024-04-01,8,12,0,23,34.8,5.0,8.0,12.0,8.5,21.2
HRG,2024-04-08,4,7,0,13,30.8,8.0,5.0,13.0,6.25,21.5
HRG,2024-04-15,13,17,1,34,38.2,4.0,8.0,8.0,7.5,19.3
HRG,2024-04-22,2,6,0,11,18.2,13.0,4.0,5.0,6.75,34.5
HRG,2024-04-29,6,8,0,22,27.3,2.0,13.0,8.0,6.25,26.6
HRG,2024-05-06,5,6,0,14,35.7,6.0,2.0,4.0,6.5,32.4
HRG,2024-05-13,5,7,0,14,35.7,5.0,6.0,13.0,4.5,23.6
HRG,2024-05-20,7,10,0,21,33.3,5.0,5.0,2.0,5.75,30.2
HRG,2024-05-27,3,5,0,10,30.0,7.0,5.0,6.0,5.0,23.2
HRG,2024-06-03,6,7,0,16,37.5,3.0,7.0,5.0,5.25,23.1
HRG,2024-06-10,1,2,0,4,25.0,6.0,3.0,5.0,4.25,32.3
HRG,2024-06-17,2,3,0,5,40.0,1.0,6.0,7.0,3.0,29.9
HRG,2024-06-24,2,4,0,7,28.6,2.0,1.0,3.0,2.75,25.5
HRG,2024-07-01,0,3,0,4,0.0,2.0,2.0,6.0,1.25,22.3
HRG,2024-07-08,2,2,0,4,50.0,0.0,2.0,1.0,1.5,19.3
HRG,2024-07-15,4,4,0,10,40.0,2.0,0.0,2.0,2.0,38.2
HRG,2024-07-22,3,3,0,6,50.0,4.0,2.0,2.0,2.25,25.3
HRG,2024-07-29,2,3,0,5,40.0,3.0,4.0,0.0,2.75,19.7
HRG,2024-08-05,3,3,0,6,50.0,2.0,3.0,2.0,3.0,22.9
HRG,2024-08-12,0,1,0,2,0.0,3.0,2.0,4.0,2.0,24.2
HRG,2024-08-19,2,2,0,5,40.0,0.0,3.0,3.0,1.75,24.0
HRG,2024-08-26,2,2,0,8,25.0,2.0,0.0,2.0,1.75,29.7
HRG,2024-09-02,1,2,0,5,20.0,2.0,2.0,3.0,1.25,24.1
HRG,2024-09-09,1,1,0,2,50.0,1.0,2.0,0.0,1.5,25.2
HRG,2024-09-16,3,3,0,7,42.9,1.0,1.0,2.0,1.75,21.7
HRG,2024-09-23,2,2,1,5,40.0,3.0,1.0,2.0,1.75,23.9
HRG,2024-09-30,3,3,0,10,30.0,2.0,3.0,1.0,2.25,33.1
HRG,2024-10-07,0,1,0,3,0.0,3.0,2.0,1.0,2.0,29.8
HRG,2024-10-14,0,1,0,2,0.0,0.0,3.0,3.0,1.25,30.9
HRG,2024-10-21,3,4,0,7,42.9,0.0,0.0,2.0,1.5,26.5
HRG,2024-10-28,1,1,0,3,33.3,3.0,0.0,3.0,1.0,32.6
HRG,2024-11-04,0,1,0,2,0.0,1.0,3.0,0.0,1.0,90.1
HRG,2024-11-11,3,4,0,9,33.3,0.0,1.0,0.0,1.75,83.0
HRG,2024-11-18,1,3,0,7,14.3,3.0,0.0,3.0,1.25,90.2
HRG,2024-11-25,4,5,0,11,36.4,1.0,3.0,1.0,2.0,81.6
HRG,2024-12-02,7,10,1,18,38.9,4.0,1.0,0.0,3.75,80.6
HRG,2024-12-09,1,4,0,7,14.3,7.0,4.0,3.0,3.25,73.0
HRG,2024-12-16,6,10,0,17,35.3,1.0,7.0,1.0,4.5,74.5
HRG,2024-12-23,5,8,0,19,26.3,6.0,1.0,4.0,4.75,95.2
HRG,2024-12-30,7,11,0,20,35.0,5.0,6.0,7.0,4.75,84.9
HRG,2025-01-06,7,10,0,19,36.8,7.0,5.0,1.0,6.25,76.0
HRG,2025-01-13,9,11,0,29,31.0,7.0,7.0,6.0,7.0,76.3
HRG,2025-01-20,10,16,0,30,33.3,9.0,7.0,5.0,8.25,86.1
HRG,2025-01-27,19,22,0,52,36.5,10.0,9.0,7.0,11.25,96.7
HRG,2025-02-03,12,18,0,34,35.3,19.0,10.0,7.0,12.5,83.3
HRG,2025-02-10,17,26,1,53,32.1,12.0,19.0,9.0,14.5,82.8
HRG,2025-02-17,16,20,0,47,34.0,17.0,12.0,10.0,16.0,82.2
HRG,2025-02-24,16,24,0,52,30.8,16.0,17.0,19.0,15.25,75.3
HRG,2025-03-03,16,20,0,46,34.8,16.0,16.0,12.0,16.25,81.6
HRG,2025-03-10,18,23,1,50,36.0,16.0,16.0,17.0,16.5,86.3
HRG,2025-03-17,17,22,0,47,36.2,18.0,16.0,16.0,16.75,81.9
HRG,2025-03-24,20,26,0,53,37.7,17.0,18.0,16.0,17.75,82.4
HRG,2025-03-31,12,17,1,38,31.6,20.0,17.0,16.0,16.75,79.0
HRG,2025-04-07,12,21,0,38,31.6,12.0,20.0,18.0,15.25,22.4
HRG,2025-04-14,11,14,0,32,34.4,12.0,12.0,17.0,13.75,20.8
HRG,2025-04-21,4,5,0,16,25.0,11.0,12.0,20.0,9.75,29.5
HRG,2025-04-28,9,11,0,22,40.9,4.0,11.0,12.0,9.0,17.9
HRG,2025-05-05,3,6,0,10,30.0,9.0,4.0,12.0,6.75,25.6
HRG,2025-05-12,3,5,0,10,30.0,3.0,9.0,11.0,4.75,33.4
HRG,2025-05-19,5,7,0,14,35.7,3.0,3.0,4.0,5.0,32.6
HRG,2025-05-26,4,4,0,12,33.3,5.0,3.0,9.0,3.75,25.6
HRG,2025-06-02,3,3,0,8,37.5,4.0,5.0,3.0,3.75,25.1
HRG,2025-06-09,9,10,0,22,40.9,3.0,4.0,3.0,5.25,15.5
HRG,2025-06-16,1,1,0,3,33.3,9.0,3.0,5.0,4.25,29.7
HRG,2025-06-23,2,3,0,5,40.0,1.0,9.0,4.0,3.75,30.5
HRG,2025-06-30,1,1,0,5,20.0,2.0,1.0,3.0,3.25,29.5
HRG,2025-07-07,1,2,0,4,25.0,1.0,2.0,9.0,1.25,23.7
HRG,2025-07-14,2,2,0,5,40.0,1.0,1.0,1.0,1.5,19.8
HRG,2025-07-21,1,1,0,5,20.0,2.0,1.0,2.0,1.25,15.6
HRG,2025-07-28,3,3,0,8,37.5,1.0,2.0,1.0,1.75,22.2
HRG,2025-08-04,1,3,0,5,20.0,3.0,1.0,1.0,1.75,18.6
HRG,2025-08-11,1,1,0,3,33.3,1.0,3.0,2.0,1.5,23.3
HRG,2025-08-18,3,3,0,6,50.0,1.0,1.0,1.0,2.0,21.3
HRG,2025-08-25,4,6,0,11,36.4,3.0,1.0,3.0,2.25,19.9
HRG,2025-09-01,0,0,0,3,0.0,4.0,3.0,1.0,2.0,30.5
HRG,2025-09-08,2,2,0,4,50.0,0.0,4.0,1.0,2.25,27.6
HRG,2025-09-15,2,2,0,6,33.3,2.0,0.0,3.0,2.0,30.3
HRG,2025-09-22,3,3,0,7,42.9,2.0,2.0,4.0,1.75,16.6
HRG,2025-09-29,2,5,0,9,22.2,3.0,2.0,0.0,2.25,25.2
HRG,2025-10-06,1,2,0,4,25.0,2.0,3.0,2.0,2.0,29.6
HRG,2025-10-13,4,6,0,10,40.0,1.0,2.0,2.0,2.5,15.8
HRG,2025-10-20,2,2,0,5,40.0,4.0,1.0,3.0,2.25,15.5
HRG,2025-10-27,3,3,0,10,30.0,2.0,4.0,2.0,2.5,34.5
HRG,2025-11-03,1,1,0,3,33.3,3.0,2.0,1.0,2.5,94.0
HRG,2025-11-10,3,3,0,8,37.5,1.0,3.0,4.0,2.25,89.3
HRG,2025-11-17,1,1,0,2,50.0,3.0,1.0,2.0,2.0,81.9
HRG,2025-11-24,3,3,0,9,33.3,1.0,3.0,3.0,2.0,89.3
HRG,2025-12-01,3,5,0,11,27.3,3.0,1.0,1.0,2.5,82.4
HRG,2025-12-08,10,13,0,28,35.7,3.0,3.0,3.0,4.25,88.6
HRG,2025-12-15,9,11,0,23,39.1,10.0,3.0,1.0,6.25,89.2
HRG,2025-12-22,9,10,0,25,36.0,9.0,10.0,3.0,7.75,95.2
HRG,2025-12-29,18,22,0,47,38.3,9.0,9.0,3.0,11.5,85.9
KRB,2024-01-01,15,20,0,46,32.6,,,,15.0,82.9
KRB,2024-01-08,43,58,1,128,33.6,15.0,,,29.0,83.5
KRB,2024-01-15,41,62,0,131,31.3,43.0,15.0,,33.0,77.7
KRB,2024-01-22,12,19,0,41,29.3,41.0,43.0,,27.75,82.6
KRB,2024-01-29,36,49,0,104,34.6,12.0,41.0,15.0,33.0,77.8
KRB,2024-02-05,38,49,1,111,34.2,36.0,12.0,43.0,31.75,80.2
KRB,2024-02-12,31,50,0,96,32.3,38.0,36.0,41.0,29.25,83.3
KRB,2024-02-19,31,38,0,85,36.5,31.0,38.0,12.0,34.0,93.6
KRB,2024-02-26,32,40,0,85,37.6,31.0,31.0,36.0,33.0,87.6
KRB,2024-03-04,18,27,0,55,32.7,32.0,31.0,38.0,28.0,81.9
KRB,2024-03-11,12,14,1,32,37.5,18.0,32.0,31.0,23.25,85.4
KRB,2024-03-18,5,8,0,16,31.2,12.0,18.0,31.0,16.75,85.6
KRB,2024-03-25,5,8,0,16,31.2,5.0,12.0,32.0,10.0,84.7
KRB,2024-04-01,5,8,0,15,33.3,5.0,5.0,18.0,6.75,29.6
KRB,2024-04-08,5,7,0,17,29.4,5.0,5.0,12.0,5.0,26.1
KRB,2024-04-15,8,11,0,22,36.4,5.0,5.0,5.0,5.75,29.1
KRB,2024-04-22,12,15,0,29,41.4,8.0,5.0,5.0,7.5,23.3
KRB,2024-04-29,9,13,0,26,34.6,12.0,8.0,5.0,8.5,21.0
KRB,2024-05-06,8,11,0,24,33.3,9.0,12.0,5.0,9.25,30.6
KRB,2024-05-13,6,9,0,18,33.3,8.0,9.0,8.0,8.75,23.2
KRB,2024-05-20,4,8,0,16,25.0,6.0,8.0,12.0,6.75,23.0
KRB,2024-05-27,7,10,0,22,31.8,4.0,6.0,9.0,6.25,14.0
KRB,2024-06-03,4,5,1,13,30.8,7.0,4.0,8.0,5.25,28.1
KRB,2024-06-10,2,2,0,5,40.0,4.0,7.0,6.0,4.25,24.5
KRB,2024-06-17,3,3,0,8,37.5,2.0,4.0,4.0,4.0,28.9
KRB,2024-06-24,4,4,0,10,40.0,3.0,2.0,7.0,3.25,27.0
KRB,2024-07-01,3,4,0,8,37.5,4.0,3.0,4.0,3.0,14.9
KRB,2024-07-08,0,0,0,3,0.0,3.0,4.0,2.0,2.5,21.0
KRB,2024-07-15,1,1,0,4,25.0,0.0,3.0,3.0,2.0,17.9
KRB,2024-07-22,3,4,0,9,33.3,1.0,0.0,4.0,1.75,26.7
KRB,2024-07-29,4,5,0,11,36.4,3.0,1.0,3.0,2.0,19.6
KRB,2024-08-05,0,0,0,1,0.0,4.0,3.0,0.0,2.0,28.0
KRB,2024-08-12,4,4,0,8,50.0,0.0,4.0,1.0,2.75,20.5
KRB,2024-08-19,3,3,0,6,50.0,4.0,0.0,3.0,2.75,29.2
KRB,2024-08-26,0,1,0,1,0.0,3.0,4.0,4.0,1.75,28.0
KRB,2024-09-02,3,5,0,9,33.3,0.0,3.0,0.0,2.5,20.9
KRB,2024-09-09,1,2,0,3,33.3,3.0,0.0,4.0,1.75,23.3
KRB,2024-09-16,3,5,0,10,30.0,1.0,3.0,3.0,1.75,31.0
KRB,2024-09-23,3,5,0,9,33.3,3.0,1.0,0.0,2.5,25.8
KRB,2024-09-30,0,1,0,2,0.0,3.0,3.0,3.0,1.75,29.0
KRB,2024-10-07,1,1,0,3,33.3,0.0,3.0,1.0,1.75,22.0
KRB,2024-10-14,0,3,0,5,0.0,1.0,0.0,3.0,1.0,27.0
KRB,2024-10-21,3,5,0,10,30.0,0.0,1.0,3.0,1.0,24.4
KRB,2024-10-28,5,5,0,13,38.5,3.0,0.0,0.0,2.25,30.3
KRB,2024-11-04,3,5,0,12,25.0,5.0,3.0,1.0,2.75,89.1
KRB,2024-11-11,4,4,0,12,33.3,3.0,5.0,0.0,3.75,83.4
KRB,2024-11-18,4,7,0,14,28.6,4.0,3.0,3.0,4.0,77.3
KRB,2024-11-25,4,5,0,13,30.8,4.0,4.0,5.0,3.75,87.5
KRB,2024-12-02,5,6,0,13,38.5,4.0,4.0,3.0,4.25,81.4
KRB,2024-12-09,6,10,0,18,33.3,5.0,4.0,4.0,4.75,80.0
KRB,2024-12-16,2,6,0,8,25.0,6.0,5.0,4.0,4.25,89.2
KRB,2024-12-23,3,4,0,10,30.0,2.0,6.0,4.0,4.0,81.1
KRB,2024-12-30,1,3,0,7,14.3,3.0,2.0,5.0,3.0,80.6
KRB,2025-01-06,3,5,0,15,20.0,1.0,3.0,6.0,2.25,84.2
KRB,2025-01-13,6,11,0,21,28.6,3.0,1.0,2.0,3.25,87.2
KRB,2025-01-20,14,16,0,37,37.8,6.0,3.0,3.0,6.0,77.6
KRB,2025-01-27,29,31,0,69,42.0,14.0,6.0,1.0,13.0,90.1
KRB,2025-02-03,20,27,0,59,33.9,29.0,14.0,3.0,17.25,91.0
KRB,2025-02-10,30,41,0,84,35.7,20.0,29.0,6.0,23.25,84.8
KRB,2025-02-17,34,45,0,95,35.8,30.0,20.0,14.0,28.25,81.2
KRB,2025-02-24,21,34,1,68,30.9,34.0,30.0,29.0,26.25,86.8
KRB,2025-03-03,22,29,0,70,31.4,21.0,34.0,20.0,26.75,82.2
KRB,2025-03-10,30,40,1,86,34.9,22.0,21.0,30.0,26.75,83.2
KRB,2025-03-17,27,36,0,74,36.5,30.0,22.0,34.0,25.0,85.4
KRB,2025-03-24,32,39,0,94,34.0,27.0,30.0,21.0,27.75,89.8
KRB,2025-03-31,25,36,0,82,30.5,32.0,27.0,22.0,28.5,85.6
KRB,2025-04-07,28,40,0,81,34.6,25.0,32.0,30.0,28.0,27.4
KRB,2025-04-14,16,25,0,55,29.1,28.0,25.0,27.0,25.25,36.9
KRB,2025-04-21,11,20,0,40,27.5,16.0,28.0,32.0,20.0,22.6
KRB,2025-04-28,8,10,1,21,38.1,11.0,16.0,25.0,15.75,31.4
KRB,2025-05-05,8,9,0,23,34.8,8.0,11.0,28.0,10.75,29.6
KRB,2025-05-12,8,10,1,24,33.3,8.0,8.0,16.0,8.75,31.0
KRB,2025-05-19,7,11,0,25,28.0,8.0,8.0,11.0,7.75,26.9
KRB,2025-05-26,6,6,0,19,31.6,7.0,8.0,8.0,7.25,25.7
KRB,2025-06-02,8,11,0,24,33.3,6.0,7.0,8.0,7.25,23.3
KRB,2025-06-09,7,8,0,20,35.0,8.0,6.0,8.0,7.0,19.6
KRB,2025-06-16,2,2,0,4,50.0,7.0,8.0,7.0,5.75,31.0
KRB,2025-06-23,2,2,0,6,33.3,2.0,7.0,6.0,4.75,25.1
KRB,2025-06-30,1,1,0,3,33.3,2.0,2.0,8.0,3.0,31.4
KRB,2025-07-07,1,1,0,4,25.0,1.0,2.0,7.0,1.5,23.7
KRB,2025-07-14,0,0,0,0,0.0,1.0,1.0,2.0,1.0,24.6
KRB,2025-07-21,2,3,0,6,33.3,0.0,1.0,2.0,1.0,31.7
KRB,2025-07-28,2,3,0,6,33.3,2.0,0.0,1.0,1.25,21.9
KRB,2025-08-04,2,3,0,6,33.3,2.0,2.0,1.0,1.5,31.3
KRB,2025-08-11,1,3,0,5,20.0,2.0,2.0,0.0,1.75,29.8
KRB,2025-08-18,1,5,0,7,14.3,1.0,2.0,2.0,1.5,32.8
KRB,2025-08-25,0,0,0,1,0.0,1.0,1.0,2.0,1.0,29.0
KRB,2025-09-01,1,2,0,5,20.0,0.0,1.0,2.0,0.75,27.2
KRB,2025-09-08,3,3,0,6,50.0,1.0,0.0,1.0,1.25,23.0
KRB,2025-09-15,5,5,0,10,50.0,3.0,1.0,1.0,2.25,29.4
KRB,2025-09-22,2,4,0,7,28.6,5.0,3.0,0.0,2.75,28.8
KRB,2025-09-29,1,1,0,3,33.3,2.0,5.0,1.0,2.75,18.7
KRB,2025-10-06,4,4,0,9,44.4,1.0,2.0,3.0,3.0,34.3
KRB,2025-10-13,0,1,0,4,0.0,4.0,1.0,5.0,1.75,32.6
KRB,2025-10-20,4,5,0,11,36.4,0.0,4.0,2.0,2.25,28.9
KRB,2025-10-27,3,4,0,8,37.5,4.0,0.0,1.0,2.75,19.6
KRB,2025-11-03,1,2,0,3,33.3,3.0,4.0,4.0,2.0,86.1
KRB,2025-11-10,1,2,0,6,16.7,1.0,3.0,0.0,2.25,83.9
KRB,2025-11-17,3,3,0,6,50.0,1.0,1.0,4.0,2.0,79.1
KRB,2025-11-24,3,4,0,10,30.0,3.0,1.0,3.0,2.0,81.1
KRB,2025-12-01,14,19,0,35,40.0,3.0,3.0,1.0,5.25,86.0
KRB,2025-12-08,18,22,0,46,39.1,14.0,3.0,1.0,9.5,83.6
KRB,2025-12-15,21,28,0,58,36.2,18.0,14.0,3.0,14.0,83.3
KRB,2025-12-22,17,26,1,58,29.3,21.0,18.0,3.0,17.5,86.2
KRB,2025-12-29,34,42,0,92,37.0,17.0,21.0,14.0,22.5,84.6
MBR,2024-01-01,23,34,0,79,29.1,,,,23.0,91.6
MBR,2024-01-08,61,76,1,174,35.1,23.0,,,42.0,91.4
MBR,2024-01-15,31,44,0,105,29.5,61.0,23.0,,38.33,78.7
MBR,2024-01-22,25,34,0,89,28.1,31.0,61.0,,35.0,86.1
MBR,2024-01-29,56,69,0,155,36.1,25.0,31.0,23.0,43.25,84.6
MBR,2024-02-05,49,65,0,138,35.5,56.0,25.0,61.0,40.25,89.0
MBR,2024-02-12,31,46,0,103,30.1,49.0,56.0,31.0,40.25,86.0
MBR,2024-02-19,24,39,0,84,28.6,31.0,49.0,25.0,40.0,92.3
MBR,2024-02-26,28,37,0,78,35.9,24.0,31.0,56.0,33.0,92.0
MBR,2024-03-04,23,35,0,73,31.5,28.0,24.0,49.0,26.5,87.4
MBR,2024-03-11,6,13,0,27,22.2,23.0,28.0,31.0,20.25,84.8
MBR,2024-03-18,4,8,0,15,26.7,6.0,23.0,24.0,15.25,85.2
MBR,2024-03-25,5,8,0,16,31.2,4.0,6.0,28.0,9.5,89.5
MBR,2024-04-01,7,9,0,18,38.9,5.0,4.0,23.0,5.5,23.5
MBR,2024-04-08,5,6,0,14,35.7,7.0,5.0,6.0,5.25,36.5
MBR,2024-04-15,5,6,0,11,45.5,5.0,7.0,4.0,5.5,35.7
MBR,2024-04-22,3,3,0,9,33.3,5.0,5.0,5.0,5.0,23.6
MBR,2024-04-29,5,9,0,19,26.3,3.0,5.0,7.0,4.5,25.2
MBR,2024-05-06,5,9,0,19,26.3,5.0,3.0,5.0,4.5,28.5
MBR,2024-05-13,3,3,0,8,37.5,5.0,5.0,5.0,4.0,29.8
MBR,2024-05-20,3,5,0,9,33.3,3.0,5.0,3.0,4.0,20.5
MBR,2024-05-27,1,1,0,4,25.0,3.0,3.0,5.0,3.0,26.6
MBR,2024-06-03,4,5,0,12,33.3,1.0,3.0,5.0,2.75,24.7
MBR,2024-06-10,1,1,0,2,50.0,4.0,1.0,3.0,2.25,27.9
MBR,2024-06-17,2,3,0,6,33.3,1.0,4.0,3.0,2.0,24.3
MBR,2024-06-24,3,4,0,9,33.3,2.0,1.0,1.0,2.5,30.5
MBR,2024-07-01,2,2,0,5,40.0,3.0,2.0,4.0,2.0,22.6
MBR,2024-07-08,4,5,0,9,44.4,2.0,3.0,1.0,2.75,30.8
MBR,2024-07-15,3,5,0,9,33.3,4.0,2.0,2.0,3.0,31.5
MBR,2024-07-22,2,2,0,6,33.3,3.0,4.0,3.0,2.75,19.8
MBR,2024-07-29,0,1,0,2,0.0,2.0,3.0,2.0,2.25,32.1
MBR,2024-08-05,2,5,0,7,28.6,0.0,2.0,4.0,1.75,27.7
MBR,2024-08-12,1,2,0,3,33.3,2.0,0.0,3.0,1.25,27.1
MBR,2024-08-19,5,6,0,13,38.5,1.0,2.0,2.0,2.0,23.0
MBR,2024-08-26,1,1,0,3,33.3,5.0,1.0,0.0,2.25,20.9
MBR,2024-09-02,1,1,0,2,50.0,1.0,5.0,2.0,2.0,19.1
MBR,2024-09-09,4,4,0,8,50.0,1.0,1.0,1.0,2.75,26.5
MBR,2024-09-16,0,0,0,1,0.0,4.0,1.0,5.0,1.5,28.5
MBR,2024-09-23,0,1,0,5,0.0,0.0,4.0,1.0,1.25,33.2
MBR,2024-09-30,5,5,0,11,45.5,0.0,0.0,1.0,2.25,33.7
MBR,2024-10-07,2,2,0,6,33.3,5.0,0.0,4.0,1.75,20.7
MBR,2024-10-14,0,1,0,1,0.0,2.0,5.0,0.0,1.75,28.1
MBR,2024-10-21,1,2,0,3,33.3,0.0,2.0,0.0,2.0,18.6
MBR,2024-10-28,4,7,0,12,33.3,1.0,0.0,5.0,1.75,21.8
MBR,2024-11-04,0,1,0,4,0.0,4.0,1.0,2.0,1.25,82.8
MBR,2024-11-11,2,4,0,8,25.0,0.0,4.0,0.0,1.75,88.4
MBR,2024-11-18,2,3,0,8,25.0,2.0,0.0,1.0,2.0,91.5
MBR,2024-11-25,1,4,0,7,14.3,2.0,2.0,4.0,1.25,92.0
MBR,2024-12-02,5,10,0,18,27.8,1.0,2.0,0.0,2.5,80.6
MBR,2024-12-09,2,2,0,6,33.3,5.0,1.0,2.0,2.5,78.0
MBR,2024-12-16,7,11,0,21,33.3,2.0,5.0,2.0,3.75,80.8
MBR,2024-12-23,5,9,0,15,33.3,7.0,2.0,1.0,4.75,88.4
MBR,2024-12-30,5,9,0,17,29.4,5.0,7.0,5.0,4.75,86.5
MBR,2025-01-06,11,13,0,28,39.3,5.0,5.0,2.0,7.0,87.4
MBR,2025-01-13,9,11,0,25,36.0,11.0,5.0,7.0,7.5,75.1
MBR,2025-01-20,20,37,0,70,28.6,9.0,11.0,5.0,11.25,82.8
MBR,2025-01-27,27,37,0,91,29.7,20.0,9.0,5.0,16.75,76.1
MBR,2025-02-03,31,45,0,96,32.3,27.0,20.0,11.0,21.75,79.6
MBR,2025-02-10,32,55,1,113,28.3,31.0,27.0,9.0,27.5,91.3
MBR,2025-02-17,39,51,1,112,34.8,32.0,31.0,20.0,32.25,88.2
MBR,2025-02-24,23,37,0,81,28.4,39.0,32.0,27.0,31.25,84.9
MBR,2025-03-03,32,48,0,103,31.1,23.0,39.0,31.0,31.5,84.6
MBR,2025-03-10,40,59,1,123,32.5,32.0,23.0,32.0,33.5,85.4
MBR,2025-03-17,29,35,0,84,34.5,40.0,32.0,39.0,31.0,86.1
MBR,2025-03-24,14,20,0,49,28.6,29.0,40.0,23.0,28.75,89.5
MBR,2025-03-31,17,23,0,46,37.0,14.0,29.0,32.0,25.0,83.9
MBR,2025-04-07,16,24,0,52,30.8,17.0,14.0,40.0,19.0,22.9
MBR,2025-04-14,10,17,0,34,29.4,16.0,17.0,29.0,14.25,32.1
MBR,2025-04-21,4,7,0,18,22.2,10.0,16.0,14.0,11.75,29.6
MBR,2025-04-28,8,9,0,19,42.1,4.0,10.0,17.0,9.5,26.9
MBR,2025-05-05,6,9,0,21,28.6,8.0,4.0,16.0,7.0,29.5
MBR,2025-05-12,8,12,0,26,30.8,6.0,8.0,10.0,6.5,31.2
MBR,2025-05-19,4,8,0,14,28.6,8.0,6.0,4.0,6.5,29.3
MBR,2025-05-26,3,4,0,11,27.3,4.0,8.0,8.0,5.25,29.5
MBR,2025-06-02,6,10,0,18,33.3,3.0,4.0,6.0,5.25,22.0
MBR,2025-06-09,0,1,0,3,0.0,6.0,3.0,8.0,3.25,11.3
MBR,2025-06-16,1,2,0,4,25.0,0.0,6.0,4.0,2.5,24.2
MBR,2025-06-23,1,2,0,4,25.0,1.0,0.0,3.0,2.0,28.0
MBR,2025-06-30,3,4,0,10,30.0,1.0,1.0,6.0,1.25,21.2
MBR,2025-07-07,1,2,0,3,33.3,3.0,1.0,0.0,1.5,31.6
MBR,2025-07-14,1,1,0,3,33.3,1.0,3.0,1.0,1.5,20.6
MBR,2025-07-21,2,2,0,5,40.0,1.0,1.0,1.0,1.75,20.7
MBR,2025-07-28,4,5,0,14,28.6,2.0,1.0,3.0,2.0,30.0
MBR,2025-08-04,5,5,0,10,50.0,4.0,2.0,1.0,3.0,28.2
MBR,2025-08-11,4,4,0,8,50.0,5.0,4.0,1.0,3.75,23.5
MBR,2025-08-18,1,2,0,4,25.0,4.0,5.0,2.0,3.5,26.5
MBR,2025-08-25,1,2,0,5,20.0,1.0,4.0,4.0,2.75,18.8
MBR,2025-09-01,1,2,0,5,20.0,1.0,1.0,5.0,1.75,30.4
MBR,2025-09-08,3,5,0,8,37.5,1.0,1.0,4.0,1.5,31.6
MBR,2025-09-15,2,3,0,6,33.3,3.0,1.0,1.0,1.75,24.5
MBR,2025-09-22,2,2,0,4,50.0,2.0,3.0,1.0,2.0,29.5
MBR,2025-09-29,0,2,0,4,0.0,2.0,2.0,1.0,1.75,26.3
MBR,2025-10-06,4,5,0,10,40.0,0.0,2.0,3.0,2.0,26.5
MBR,2025-10-13,2,2,0,4,50.0,4.0,0.0,2.0,2.0,31.5
MBR,2025-10-20,3,3,0,6,50.0,2.0,4.0,2.0,2.25,24.7
MBR,2025-10-27,3,4,0,7,42.9,3.0,2.0,0.0,3.0,20.4
MBR,2025-11-03,2,2,0,4,50.0,3.0,3.0,4.0,2.5,90.9
MBR,2025-11-10,2,4,1,7,28.6,2.0,3.0,2.0,2.5,88.3
MBR,2025-11-17,4,5,0,11,36.4,2.0,2.0,3.0,2.75,90.0
MBR,2025-11-24,0,0,0,0,0.0,4.0,2.0,3.0,2.0,86.3
MBR,2025-12-01,5,5,0,11,45.5,0.0,4.0,2.0,2.75,74.8
MBR,2025-12-08,9,13,0,27,33.3,5.0,0.0,2.0,4.5,85.1
MBR,2025-12-15,13,18,0,36,36.1,9.0,5.0,4.0,6.75,82.8
MBR,2025-12-22,11,18,0,41,26.8,13.0,9.0,0.0,9.5,85.0
MBR,2025-12-29,14,20,0,45,31.1,11.0,13.0,5.0,11.75,87.0
MTS,2024-01-01,5,7,0,14,35.7,,,,5.0,82.0
MTS,2024-01-08,5,5,0,13,38.5,5.0,,,5.0,88.8
MTS,2024-01-15,12,18,0,36,33.3,5.0,5.0,,7.33,85.7
MTS,2024-01-22,3,5,0,14,21.4,12.0,5.0,,6.25,92.1
MTS,2024-01-29,8,11,0,23,34.8,3.0,12.0,5.0,7.0,86.5
MTS,2024-02-05,10,18,0,35,28.6,8.0,3.0,5.0,8.25,84.7
MTS,2024-02-12,9,12,0,25,36.0,10.0,8.0,12.0,7.5,90.6
MTS,2024-02-19,8,12,0,25,32.0,9.0,10.0,3.0,8.75,89.7
MTS,2024-02-26,1,2,0,7,14.3,8.0,9.0,8.0,7.0,87.5
MTS,2024-03-04,3,6,0,10,30.0,1.0,8.0,10.0,5.25,88.3
MTS,2024-03-11,9,10,0,21,42.9,3.0,1.0,9.0,5.25,83.0
MTS,2024-03-18,4,6,0,12,33.3,9.0,3.0,8.0,4.25,95.3
MTS,2024-03-25,3,6,0,13,23.1,4.0,9.0,1.0,4.75,85.7
MTS,2024-04-01,3,3,0,8,37.5,3.0,4.0,3.0,4.75,26.2
MTS,2024-04-08,9,10,0,22,40.9,3.0,3.0,9.0,4.75,19.7
MTS,2024-04-15,5,6,0,13,38.5,9.0,3.0,4.0,5.0,26.9
MTS,2024-04-22,7,7,0,15,46.7,5.0,9.0,3.0,6.0,25.1
MTS,2024-04-29,1,2,0,8,12.5,7.0,5.0,3.0,5.5,28.0
MTS,2024-05-06,4,5,0,12,33.3,1.0,7.0,9.0,4.25,30.2
MTS,2024-05-13,0,5,0,9,0.0,4.0,1.0,5.0,3.0,20.9
MTS,2024-05-20,2,2,0,11,18.2,0.0,4.0,7.0,1.75,22.2
MTS,2024-05-27,3,3,0,10,30.0,2.0,0.0,1.0,2.25,34.0
MTS,2024-06-03,3,3,0,9,33.3,3.0,2.0,4.0,2.0,30.4
MTS,2024-06-10,2,5,0,8,25.0,3.0,3.0,0.0,2.5,16.4
MTS,2024-06-17,1,1,0,4,25.0,2.0,3.0,2.0,2.25,27.2
MTS,2024-06-24,0,1,0,2,0.0,1.0,2.0,3.0,1.5,28.8
MTS,2024-07-01,1,3,0,7,14.3,0.0,1.0,3.0,1.0,25.0
MTS,2024-07-08,1,1,0,2,50.0,1.0,0.0,2.0,0.75,34.8
MTS,2024-07-15,0,2,0,7,0.0,1.0,1.0,1.0,0.5,36.9
MTS,2024-07-22,3,5,0,10,30.0,0.0,1.0,0.0,1.25,23.9
MTS,2024-07-29,2,3,0,7,28.6,3.0,0.0,1.0,1.5,38.2
MTS,2024-08-05,2,2,0,7,28.6,2.0,3.0,1.0,1.75,14.8
MTS,2024-08-12,5,5,0,11,45.5,2.0,2.0,0.0,3.0,23.4
MTS,2024-08-19,5,5,0,11,45.5,5.0,2.0,3.0,3.5,22.0
MTS,2024-08-26,2,2,0,6,33.3,5.0,5.0,2.0,3.5,24.1
MTS,2024-09-02,4,5,0,12,33.3,2.0,5.0,2.0,4.0,35.6
MTS,2024-09-09,2,3,0,8,25.0,4.0,2.0,5.0,3.25,28.5
MTS,2024-09-16,4,5,0,11,36.4,2.0,4.0,5.0,3.0,21.2
MTS,2024-09-23,1,2,0,6,16.7,4.0,2.0,2.0,2.75,30.7
MTS,2024-09-30,4,5,0,11,36.4,1.0,4.0,4.0,2.75,26.3
MTS,2024-10-07,5,7,0,12,41.7,4.0,1.0,2.0,3.5,30.6
MTS,2024-10-14,2,3,0,9,22.2,5.0,4.0,4.0,3.0,30.9
MTS,2024-10-21,7,10,1,20,35.0,2.0,5.0,1.0,4.5,21.8
MTS,2024-10-28,0,0,0,1,0.0,7.0,2.0,4.0,3.5,26.2
MTS,2024-11-04,4,4,0,10,40.0,0.0,7.0,5.0,3.25,77.1
MTS,2024-11-11,3,6,0,14,21.4,4.0,0.0,2.0,3.5,81.2
MTS,2024-11-18,8,10,0,22,36.4,3.0,4.0,7.0,3.75,84.4
MTS,2024-11-25,8,10,0,23,34.8,8.0,3.0,0.0,5.75,81.8
MTS,2024-12-02,7,9,0,19,36.8,8.0,8.0,4.0,6.5,85.3
MTS,2024-12-09,7,9,0,22,31.8,7.0,8.0,3.0,7.5,82.8
MTS,2024-12-16,11,20,0,33,33.3,7.0,7.0,8.0,8.25,95.9
MTS,2024-12-23,9,12,0,24,37.5,11.0,7.0,8.0,8.5,78.6
MTS,2024-12-30,5,8,0,13,38.5,9.0,11.0,7.0,8.0,81.3
MTS,2025-01-06,6,6,0,14,42.9,5.0,9.0,7.0,7.75,77.4
MTS,2025-01-13,5,8,0,20,25.0,6.0,5.0,11.0,6.25,74.0
MTS,2025-01-20,3,6,0,12,25.0,5.0,6.0,9.0,4.75,80.2
MTS,2025-01-27,11,14,0,30,36.7,3.0,5.0,5.0,6.25,84.7
MTS,2025-02-03,14,20,0,39,35.9,11.0,3.0,6.0,8.25,88.1
MTS,2025-02-10,13,16,0,40,32.5,14.0,11.0,5.0,10.25,82.9
MTS,2025-02-17,10,14,0,35,28.6,13.0,14.0,3.0,12.0,87.0
MTS,2025-02-24,11,17,0,41,26.8,10.0,13.0,11.0,12.0,84.4
MTS,2025-03-03,12,16,0,34,35.3,11.0,10.0,14.0,11.5,87.2
MTS,2025-03-10,13,19,1,37,35.1,12.0,11.0,13.0,11.5,86.6
MTS,2025-03-17,11,14,0,31,35.5,13.0,12.0,10.0,11.75,86.3
MTS,2025-03-24,5,8,0,19,26.3,11.0,13.0,11.0,10.25,84.3
MTS,2025-03-31,13,17,0,39,33.3,5.0,11.0,12.0,10.5,90.7
MTS,2025-04-07,12,17,0,37,32.4,13.0,5.0,13.0,10.25,37.0
MTS,2025-04-14,4,9,0,18,22.2,12.0,13.0,11.0,8.5,32.2
MTS,2025-04-21,6,8,0,18,33.3,4.0,12.0,5.0,8.75,23.4
MTS,2025-04-28,11,13,1,28,39.3,6.0,4.0,13.0,8.25,26.9
MTS,2025-05-05,9,13,0,28,32.1,11.0,6.0,12.0,7.5,32.4
MTS,2025-05-12,6,8,1,15,40.0,9.0,11.0,4.0,8.0,15.2
MTS,2025-05-19,5,7,0,14,35.7,6.0,9.0,6.0,7.75,28.7
MTS,2025-05-26,4,5,0,12,33.3,5.0,6.0,11.0,6.0,24.5
MTS,2025-06-02,7,9,0,16,43.8,4.0,5.0,9.0,5.5,24.9
MTS,2025-06-09,4,6,0,13,30.8,7.0,4.0,6.0,5.0,29.2
MTS,2025-06-16,5,7,0,14,35.7,4.0,7.0,5.0,5.0,24.2
MTS,2025-06-23,3,4,0,7,42.9,5.0,4.0,4.0,4.75,29.0
MTS,2025-06-30,1,3,0,7,14.3,3.0,5.0,7.0,3.25,23.4
MTS,2025-07-07,3,3,0,8,37.5,1.0,3.0,4.0,3.0,32.5
MTS,2025-07-14,5,7,0,13,38.5,3.0,1.0,5.0,3.0,30.7
MTS,2025-07-21,0,3,0,6,0.0,5.0,3.0,3.0,2.25,27.5
MTS,2025-07-28,3,4,0,7,42.9,0.0,5.0,1.0,2.75,28.7
MTS,2025-08-04,7,11,0,20,35.0,3.0,0.0,3.0,3.75,11.9
MTS,2025-08-11,4,5,0,14,28.6,7.0,3.0,5.0,3.5,20.8
MTS,2025-08-18,7,8,0,16,43.8,4.0,7.0,0.0,5.25,32.0
MTS,2025-08-25,5,6,0,13,38.5,7.0,4.0,3.0,5.75,29.3
MTS,2025-09-01,0,1,0,2,0.0,5.0,7.0,7.0,4.0,25.3
MTS,2025-09-08,0,0,0,2,0.0,0.0,5.0,4.0,3.0,30.1
MTS,2025-09-15,3,4,0,10,30.0,0.0,0.0,7.0,2.0,28.6
MTS,2025-09-22,1,1,0,3,33.3,3.0,0.0,5.0,1.0,27.2
MTS,2025-09-29,5,5,0,11,45.5,1.0,3.0,0.0,2.25,17.3
MTS,2025-10-06,2,2,0,5,40.0,5.0,1.0,0.0,2.75,27.9
MTS,2025-10-13,5,5,0,11,45.5,2.0,5.0,3.0,3.25,24.8
MTS,2025-10-20,4,6,1,12,33.3,5.0,2.0,1.0,4.0,32.2
MTS,2025-10-27,4,5,0,12,33.3,4.0,5.0,5.0,3.75,20.7
MTS,2025-11-03,3,5,0,11,27.3,4.0,4.0,2.0,4.0,75.9
MTS,2025-11-10,1,2,0,9,11.1,3.0,4.0,5.0,3.0,83.7
MTS,2025-11-17,6,7,0,15,40.0,1.0,3.0,4.0,3.5,85.4
MTS,2025-11-24,7,13,0,20,35.0,6.0,1.0,4.0,4.25,87.2
MTS,2025-12-01,7,8,0,22,31.8,7.0,6.0,3.0,5.25,81.3
MTS,2025-12-08,9,12,1,30,30.0,7.0,7.0,1.0,7.25,84.7
MTS,2025-12-15,15,19,0,40,37.5,9.0,7.0,6.0,9.5,83.7
MTS,2025-12-22,7,12,1,23,30.4,15.0,9.0,7.0,9.5,81.3
MTS,2025-12-29,15,19,0,41,36.6,7.0,15.0,7.0,11.5,75.2
MZB,2024-01-01,18,30,1,59,30.5,,,,18.0,82.1
MZB,2024-01-08,33,45,0,107,30.8,18.0,,,25.5,75.7
MZB,2024-01-15,34,54,0,109,31.2,33.0,18.0,,28.33,83.3
MZB,2024-01-22,18,24,0,59,30.5,34.0,33.0,,25.75,89.5
MZB,2024-01-29,41,56,2,126,32.5,18.0,34.0,18.0,31.5,88.1
MZB,2024-02-05,49,68,1,147,33.3,41.0,18.0,33.0,35.5,83.9
MZB,2024-02-12,29,37,0,87,33.3,49.0,41.0,34.0,34.25,84.2
MZB,2024-02-19,26,38,0,79,32.9,29.0,49.0,18.0,36.25,75.9
MZB,2024-02-26,15,22,1,52,28.8,26.0,29.0,41.0,29.75,91.4
MZB,2024-03-04,16,19,0,45,35.6,15.0,26.0,49.0,21.5,85.6
MZB,2024-03-11,12,15,1,31,38.7,16.0,15.0,29.0,17.25,83.2
MZB,2024-03-18,2,3,0,6,33.3,12.0,16.0,26.0,11.25,87.6
MZB,2024-03-25,2,5,0,11,18.2,2.0,12.0,15.0,8.0,95.3
MZB,2024-04-01,3,6,0,12,25.0,2.0,2.0,16.0,4.75,34.2
MZB,2024-04-08,3,5,0,11,27.3,3.0,2.0,12.0,2.5,25.0
MZB,2024-04-15,6,9,0,16,37.5,3.0,3.0,2.0,3.5,25.9
MZB,2024-04-22,6,7,0,17,35.3,6.0,3.0,2.0,4.5,26.1
MZB,2024-04-29,11,15,0,31,35.5,6.0,6.0,3.0,6.5,33.4
MZB,2024-05-06,4,6,0,15,26.7,11.0,6.0,3.0,6.75,30.9
MZB,2024-05-13,7,11,0,24,29.2,4.0,11.0,6.0,7.0,33.4
MZB,2024-05-20,2,4,0,8,25.0,7.0,4.0,6.0,6.0,25.6
MZB,2024-05-27,4,4,0,9,44.4,2.0,7.0,11.0,4.25,26.2
MZB,2024-06-03,9,13,0,25,36.0,4.0,2.0,4.0,5.5,25.3
MZB,2024-06-10,3,3,0,10,30.0,9.0,4.0,7.0,4.5,26.3
MZB,2024-06-17,5,7,0,12,41.7,3.0,9.0,2.0,5.25,24.4
MZB,2024-06-24,1,1,0,3,33.3,5.0,3.0,4.0,4.5,23.8
MZB,2024-07-01,1,1,0,3,33.3,1.0,5.0,9.0,2.5,23.0
MZB,2024-07-08,3,4,0,8,37.5,1.0,1.0,3.0,2.5,26.2
MZB,2024-07-15,3,3,0,7,42.9,3.0,1.0,5.0,2.0,28.4
MZB,2024-07-22,5,6,0,11,45.5,3.0,3.0,1.0,3.0,21.5
MZB,2024-07-29,0,1,0,2,0.0,5.0,3.0,1.0,2.75,26.4
MZB,2024-08-05,3,4,0,7,42.9,0.0,5.0,3.0,2.75,32.1
MZB,2024-08-12,1,2,0,5,20.0,3.0,0.0,3.0,2.25,21.4
MZB,2024-08-19,3,3,0,6,50.0,1.0,3.0,5.0,1.75,20.6
MZB,2024-08-26,1,3,0,4,25.0,3.0,1.0,0.0,2.0,33.4
MZB,2024-09-02,4,5,0,10,40.0,1.0,3.0,3.0,2.25,26.7
MZB,2024-09-09,0,0,0,0,0.0,4.0,1.0,1.0,2.0,22.7
MZB,2024-09-16,2,4,0,6,33.3,0.0,4.0,3.0,1.75,22.9
MZB,2024-09-23,6,8,0,15,40.0,2.0,0.0,1.0,3.0,24.8
MZB,2024-09-30,1,1,0,2,50.0,6.0,2.0,4.0,2.25,28.7
MZB,2024-10-07,3,4,0,7,42.9,1.0,6.0,0.0,3.0,24.3
MZB,2024-10-14,1,2,0,4,25.0,3.0,1.0,2.0,2.75,24.5
MZB,2024-10-21,4,4,0,9,44.4,1.0,3.0,6.0,2.25,33.5
MZB,2024-10-28,3,5,0,8,37.5,4.0,1.0,1.0,2.75,25.4
MZB,2024-11-04,4,6,0,13,30.8,3.0,4.0,3.0,3.0,80.0
MZB,2024-11-11,5,8,0,13,38.5,4.0,3.0,1.0,4.0,85.8
MZB,2024-11-18,8,11,0,20,40.0,5.0,4.0,4.0,5.0,82.1
MZB,2024-11-25,3,4,0,8,37.5,8.0,5.0,3.0,5.0,86.7
MZB,2024-12-02,4,4,0,15,26.7,3.0,8.0,4.0,5.0,85.8
MZB,2024-12-09,10,13,0,23,43.5,4.0,3.0,5.0,6.25,88.5
MZB,2024-12-16,4,5,0,12,33.3,10.0,4.0,8.0,5.25,83.2
MZB,2024-12-23,9,18,0,31,29.0,4.0,10.0,3.0,6.75,82.4
MZB,2024-12-30,4,5,0,12,33.3,9.0,4.0,4.0,6.75,85.0
MZB,2025-01-06,5,7,0,15,33.3,4.0,9.0,10.0,5.5,84.3
MZB,2025-01-13,5,10,0,21,23.8,5.0,4.0,4.0,5.75,83.2
MZB,2025-01-20,8,15,0,35,22.9,5.0,5.0,9.0,5.5,86.8
MZB,2025-01-27,19,26,0,59,32.2,8.0,5.0,4.0,9.25,83.7
MZB,2025-02-03,16,30,0,64,25.0,19.0,8.0,5.0,12.0,91.6
MZB,2025-02-10,33,38,0,82,40.2,16.0,19.0,5.0,19.0,95.0
MZB,2025-02-17,37,48,0,112,33.0,33.0,16.0,8.0,26.25,90.9
MZB,2025-02-24,32,50,2,104,30.8,37.0,33.0,19.0,29.5,81.8
MZB,2025-03-03,40,51,1,106,37.7,32.0,37.0,16.0,35.5,89.8
MZB,2025-03-10,28,41,0,92,30.4,40.0,32.0,33.0,34.25,96.2
MZB,2025-03-17,43,56,0,115,37.4,28.0,40.0,37.0,35.75,79.5
MZB,2025-03-24,17,27,0,56,30.4,43.0,28.0,32.0,32.0,87.0
MZB,2025-03-31,21,24,0,55,38.2,17.0,43.0,40.0,27.25,80.8
MZB,2025-04-07,14,23,0,49,28.6,21.0,17.0,28.0,23.75,21.6
MZB,2025-04-14,13,18,0,39,33.3,14.0,21.0,43.0,16.25,26.3
MZB,2025-04-21,5,9,0,21,23.8,13.0,14.0,17.0,13.25,26.2
MZB,2025-04-28,5,7,1,17,29.4,5.0,13.0,21.0,9.25,19.5
MZB,2025-05-05,4,5,0,12,33.3,5.0,5.0,14.0,6.75,27.5
MZB,2025-05-12,9,11,1,22,40.9,4.0,5.0,13.0,5.75,34.1
MZB,2025-05-19,4,7,0,14,28.6,9.0,4.0,5.0,5.5,30.3
MZB,2025-05-26,2,5,0,10,20.0,4.0,9.0,5.0,4.75,30.3
MZB,2025-06-02,7,8,0,19,36.8,2.0,4.0,4.0,5.5,24.5
MZB,2025-06-09,1,4,0,7,14.3,7.0,2.0,9.0,3.5,19.5
MZB,2025-06-16,0,1,0,5,0.0,1.0,7.0,4.0,2.5,33.8
MZB,2025-06-23,1,1,0,3,33.3,0.0,1.0,2.0,2.25,26.5
MZB,2025-06-30,1,2,0,3,33.3,1.0,0.0,7.0,0.75,24.3
MZB,2025-07-07,2,4,0,8,25.0,1.0,1.0,1.0,1.0,29.6
MZB,2025-07-14,0,1,0,2,0.0,2.0,1.0,0.0,1.0,30.4
MZB,2025-07-21,0,0,0,1,0.0,0.0,2.0,1.0,0.75,24.0
MZB,2025-07-28,2,3,0,6,33.3,0.0,0.0,1.0,1.0,6.9
MZB,2025-08-04,1,2,0,4,25.0,2.0,0.0,2.0,0.75,27.9
MZB,2025-08-11,5,5,0,11,45.5,1.0,2.0,0.0,2.0,14.1
MZB,2025-08-18,2,2,0,4,50.0,5.0,1.0,0.0,2.5,30.4
MZB,2025-08-25,3,4,0,7,42.9,2.0,5.0,2.0,2.75,33.6
MZB,2025-09-01,3,4,0,9,33.3,3.0,2.0,1.0,3.25,28.4
MZB,2025-09-08,2,4,0,8,25.0,3.0,3.0,5.0,2.5,29.8
MZB,2025-09-15,2,2,0,4,50.0,2.0,3.0,2.0,2.5,24.0
MZB,2025-09-22,5,6,0,11,45.5,2.0,2.0,3.0,3.0,14.1
MZB,2025-09-29,1,4,0,5,20.0,5.0,2.0,3.0,2.5,21.3
MZB,2025-10-06,1,2,0,4,25.0,1.0,5.0,2.0,2.25,21.0
MZB,2025-10-13,1,1,0,2,50.0,1.0,1.0,2.0,2.0,33.2
MZB,2025-10-20,2,3,0,6,33.3,1.0,1.0,5.0,1.25,29.5
MZB,2025-10-27,1,1,1,2,50.0,2.0,1.0,1.0,1.25,29.3
MZB,2025-11-03,5,5,1,13,38.5,1.0,2.0,1.0,2.25,86.9
MZB,2025-11-10,2,4,0,8,25.0,5.0,1.0,1.0,2.5,83.4
MZB,2025-11-17,0,2,0,2,0.0,2.0,5.0,2.0,2.0,84.1
MZB,2025-11-24,0,1,0,1,0.0,0.0,2.0,1.0,1.75,85.2
MZB,2025-12-01,3,6,0,10,30.0,0.0,0.0,5.0,1.25,82.8
MZB,2025-12-08,15,20,0,40,37.5,3.0,0.0,2.0,4.5,83.6
MZB,2025-12-15,9,15,0,27,33.3,15.0,3.0,0.0,6.75,93.7
MZB,2025-12-22,13,22,0,40,32.5,9.0,15.0,0.0,10.0,74.7
MZB,2025-12-29,9,15,0,30,30.0,13.0,9.0,3.0,11.5,88.5
NYG,2024-01-01,7,8,0,18,38.9,,,,7.0,80.5
NYG,2024-01-08,5,7,0,17,29.4,7.0,,,6.0,81.6
NYG,2024-01-15,3,7,0,15,20.0,5.0,7.0,,5.0,83.5
NYG,2024-01-22,4,7,0,12,33.3,3.0,5.0,,4.75,76.5
NYG,2024-01-29,6,7,0,16,37.5,4.0,3.0,7.0,4.5,84.6
NYG,2024-02-05,5,13,0,21,23.8,6.0,4.0,5.0,4.5,87.4
NYG,2024-02-12,8,10,0,19,42.1,5.0,6.0,3.0,5.75,77.8
NYG,2024-02-19,5,6,0,18,27.8,8.0,5.0,4.0,6.0,88.9
NYG,2024-02-26,4,9,1,16,25.0,5.0,8.0,6.0,5.5,92.5
NYG,2024-03-04,4,9,0,15,26.7,4.0,5.0,5.0,5.25,82.3
NYG,2024-03-11,4,5,0,9,44.4,4.0,4.0,8.0,4.25,88.3
NYG,2024-03-18,4,5,0,11,36.4,4.0,4.0,5.0,4.0,84.7
NYG,2024-03-25,1,1,0,3,33.3,4.0,4.0,4.0,3.25,83.8
NYG,2024-04-01,4,6,0,10,40.0,1.0,4.0,4.0,3.25,27.4
NYG,2024-04-08,2,2,0,7,28.6,4.0,1.0,4.0,2.75,26.1
NYG,2024-04-15,4,6,0,12,33.3,2.0,4.0,4.0,2.75,35.3
NYG,2024-04-22,3,5,0,10,30.0,4.0,2.0,1.0,3.25,31.0
NYG,2024-04-29,3,3,0,7,42.9,3.0,4.0,4.0,3.0,29.7
NYG,2024-05-06,3,3,0,9,33.3,3.0,3.0,2.0,3.25,32.2
NYG,2024-05-13,1,4,0,11,9.1,3.0,3.0,4.0,2.5,14.3
NYG,2024-05-20,1,3,0,6,16.7,1.0,3.0,3.0,2.0,26.5
NYG,2024-05-27,4,6,0,13,30.8,1.0,1.0,3.0,2.25,21.5
NYG,2024-06-03,1,2,0,4,25.0,4.0,1.0,3.0,1.75,21.6
NYG,2024-06-10,1,2,0,4,25.0,1.0,4.0,1.0,1.75,25.0
NYG,2024-06-17,1,1,0,3,33.3,1.0,1.0,1.0,1.75,30.3
NYG,2024-06-24,1,3,0,7,14.3,1.0,1.0,4.0,1.0,24.9
NYG,2024-07-01,0,0,0,1,0.0,1.0,1.0,1.0,0.75,27.3
NYG,2024-07-08,1,2,0,5,20.0,0.0,1.0,1.0,0.75,22.5
NYG,2024-07-15,0,0,0,3,0.0,1.0,0.0,1.0,0.5,26.7
NYG,2024-07-22,0,1,0,3,0.0,0.0,1.0,1.0,0.25,27.8
NYG,2024-07-29,2,5,0,9,22.2,0.0,0.0,0.0,0.75,20.1
NYG,2024-08-05,3,3,0,6,50.0,2.0,0.0,1.0,1.25,22.2
NYG,2024-08-12,2,2,0,6,33.3,3.0,2.0,0.0,1.75,21.2
NYG,2024-08-19,5,6,0,14,35.7,2.0,3.0,0.0,3.0,27.0
NYG,2024-08-26,1,2,0,4,25.0,5.0,2.0,2.0,2.75,23.9
NYG,2024-09-02,3,5,0,10,30.0,1.0,5.0,3.0,2.75,27.2
NYG,2024-09-09,4,4,0,10,40.0,3.0,1.0,2.0,3.25,29.0
NYG,2024-09-16,3,3,0,7,42.9,4.0,3.0,5.0,2.75,24.2
NYG,2024-09-23,1,1,0,5,20.0,3.0,4.0,1.0,2.75,16.5
NYG,2024-09-30,2,3,0,6,33.3,1.0,3.0,3.0,2.5,29.0
NYG,2024-10-07,3,3,0,7,42.9,2.0,1.0,4.0,2.25,16.5
NYG,2024-10-14,1,2,0,4,25.0,3.0,2.0,3.0,1.75,35.3
NYG,2024-10-21,2,3,0,7,28.6,1.0,3.0,1.0,2.0,21.4
NYG,2024-10-28,0,2,0,4,0.0,2.0,1.0,2.0,1.5,20.3
NYG,2024-11-04,0,0,0,0,0.0,0.0,2.0,3.0,0.75,81.4
NYG,2024-11-11,2,3,0,5,40.0,0.0,0.0,1.0,1.0,84.4
NYG,2024-11-18,3,4,0,9,33.3,2.0,0.0,2.0,1.25,82.2
NYG,2024-11-25,3,3,0,6,50.0,3.0,2.0,0.0,2.0,91.0
NYG,2024-12-02,6,10,0,17,35.3,3.0,3.0,0.0,3.5,85.1
NYG,2024-12-09,7,9,0,18,38.9,6.0,3.0,2.0,4.75,90.5
NYG,2024-12-16,7,9,0,17,41.2,7.0,6.0,3.0,5.75,78.7
NYG,2024-12-23,1,3,0,8,12.5,7.0,7.0,3.0,5.25,90.3
NYG,2024-12-30,3,5,0,9,33.3,1.0,7.0,6.0,4.5,89.7
NYG,2025-01-06,2,2,0,6,33.3,3.0,1.0,7.0,3.25,88.1
NYG,2025-01-13,1,4,0,6,16.7,2.0,3.0,7.0,1.75,93.2
NYG,2025-01-20,7,8,0,19,36.8,1.0,2.0,1.0,3.25,80.0
NYG,2025-01-27,1,2,0,6,16.7,7.0,1.0,3.0,2.75,85.4
NYG,2025-02-03,10,12,0,23,43.5,1.0,7.0,2.0,4.75,85.8
NYG,2025-02-10,7,9,0,22,31.8,10.0,1.0,1.0,6.25,89.8
NYG,2025-02-17,6,8,0,19,31.6,7.0,10.0,7.0,6.0,83.1
NYG,2025-02-24,6,11,0,24,25.0,6.0,7.0,1.0,7.25,88.6
NYG,2025-03-03,8,11,0,22,36.4,6.0,6.0,10.0,6.75,82.6
NYG,2025-03-10,8,11,0,30,26.7,8.0,6.0,7.0,7.0,73.9
NYG,2025-03-17,13,18,0,37,35.1,8.0,8.0,6.0,8.75,91.5
NYG,2025-03-24,9,10,0,24,37.5,13.0,8.0,6.0,9.5,81.4
NYG,2025-03-31,10,14,0,28,35.7,9.0,13.0,8.0,10.0,85.5
NYG,2025-04-07,12,14,0,33,36.4,10.0,9.0,8.0,11.0,30.3
NYG,2025-04-14,7,9,0,22,31.8,12.0,10.0,13.0,9.5,33.3
NYG,2025-04-21,5,6,0,15,33.3,7.0,12.0,9.0,8.5,27.3
NYG,2025-04-28,4,8,0,15,26.7,5.0,7.0,10.0,7.0,29.7
NYG,2025-05-05,3,3,0,8,37.5,4.0,5.0,12.0,4.75,23.0
NYG,2025-05-12,4,4,0,10,40.0,3.0,4.0,7.0,4.0,24.6
NYG,2025-05-19,3,4,0,9,33.3,4.0,3.0,5.0,3.5,26.5
NYG,2025-05-26,3,3,0,8,37.5,3.0,4.0,4.0,3.25,15.3
NYG,2025-06-02,1,3,0,4,25.0,3.0,3.0,3.0,2.75,20.9
NYG,2025-06-09,7,9,0,20,35.0,1.0,3.0,4.0,3.5,18.6
NYG,2025-06-16,0,1,0,3,0.0,7.0,1.0,3.0,2.75,25.0
NYG,2025-06-23,1,2,0,5,20.0,0.0,7.0,3.0,2.25,17.8
NYG,2025-06-30,2,2,0,4,50.0,1.0,0.0,1.0,2.5,24.2
NYG,2025-07-07,4,4,0,12,33.3,2.0,1.0,7.0,1.75,28.0
NYG,2025-07-14,2,2,0,5,40.0,4.0,2.0,0.0,2.25,26.7
NYG,2025-07-21,0,1,0,1,0.0,2.0,4.0,1.0,2.0,31.5
NYG,2025-07-28,2,3,0,8,25.0,0.0,2.0,2.0,2.0,30.9
NYG,2025-08-04,1,1,0,4,25.0,2.0,0.0,4.0,1.25,34.7
NYG,2025-08-11,1,5,0,6,16.7,1.0,2.0,2.0,1.0,25.3
NYG,2025-08-18,4,6,0,11,36.4,1.0,1.0,0.0,2.0,32.9
NYG,2025-08-25,1,4,0,5,20.0,4.0,1.0,2.0,1.75,33.0
NYG,2025-09-01,1,1,0,3,33.3,1.0,4.0,1.0,1.75,25.8
NYG,2025-09-08,0,1,0,4,0.0,1.0,1.0,1.0,1.5,19.8
NYG,2025-09-15,2,4,0,9,22.2,0.0,1.0,4.0,1.0,29.8
NYG,2025-09-22,1,1,0,2,50.0,2.0,0.0,1.0,1.0,31.4
NYG,2025-09-29,2,4,0,6,33.3,1.0,2.0,1.0,1.25,28.9
NYG,2025-10-06,6,8,0,14,42.9,2.0,1.0,0.0,2.75,28.2
NYG,2025-10-13,1,1,0,3,33.3,6.0,2.0,2.0,2.5,28.2
NYG,2025-10-20,1,2,0,3,33.3,1.0,6.0,1.0,2.5,20.5
NYG,2025-10-27,2,3,0,6,33.3,1.0,1.0,2.0,2.5,14.6
NYG,2025-11-03,1,2,0,6,16.7,2.0,1.0,6.0,1.25,81.3
NYG,2025-11-10,1,1,0,2,50.0,1.0,2.0,1.0,1.25,87.0
NYG,2025-11-17,2,2,0,6,33.3,1.0,1.0,1.0,1.5,81.3
NYG,2025-11-24,4,5,0,14,28.6,2.0,1.0,2.0,2.0,92.4
NYG,2025-12-01,4,6,0,14,28.6,4.0,2.0,1.0,2.75,84.0
NYG,2025-12-08,3,8,0,15,20.0,4.0,4.0,1.0,3.25,87.2
NYG,2025-12-15,7,10,0,23,30.4,3.0,4.0,2.0,4.5,90.9
NYG,2025-12-22,4,8,0,19,21.1,7.0,3.0,4.0,4.5,84.7
NYG,2025-12-29,12,15,0,35,34.3,4.0,7.0,4.0,6.5,84.6
